Sex,Age,Population
Male,0,29610
Male,0,346
Male,0,3188
Male,0,1269
Male,0,2059
Male,0,1855
Male,0,1550
Male,0,570
Male,0,555
Male,0,257
Male,0,852
Male,0,1406
Male,0,481
Male,0,594
Male,0,910
Male,0,910
Male,0,686
Male,0,1159
Male,0,2135
Male,0,822
Male,0,1116
Male,0,1017
Male,0,678
Male,0,405
Male,0,1176
Male,0,200
Male,0,790
Male,0,382
Male,0,376
Male,0,505
Male,0,916
Male,0,445
Male,1,28875
Male,1,347
Male,1,2937
Male,1,1245
Male,1,1987
Male,1,1922
Male,1,1535
Male,1,576
Male,1,517
Male,1,244
Male,1,809
Male,1,1403
Male,1,491
Male,1,556
Male,1,846
Male,1,862
Male,1,656
Male,1,1148
Male,1,2070
Male,1,811
Male,1,1148
Male,1,936
Male,1,664
Male,1,362
Male,1,1135
Male,1,204
Male,1,776
Male,1,380
Male,1,383
Male,1,527
Male,1,963
Male,1,435
Male,2,30236
Male,2,355
Male,2,3035
Male,2,1251
Male,2,2196
Male,2,1867
Male,2,1543
Male,2,620
Male,2,605
Male,2,301
Male,2,901
Male,2,1463
Male,2,489
Male,2,576
Male,2,914
Male,2,906
Male,2,729
Male,2,1144
Male,2,2184
Male,2,848
Male,2,1243
Male,2,957
Male,2,664
Male,2,406
Male,2,1188
Male,2,224
Male,2,795
Male,2,465
Male,2,404
Male,2,541
Male,2,988
Male,2,434
Male,3,31001
Male,3,376
Male,3,2875
Male,3,1304
Male,3,2223
Male,3,1997
Male,3,1611
Male,3,606
Male,3,648
Male,3,283
Male,3,816
Male,3,1539
Male,3,531
Male,3,590
Male,3,961
Male,3,976
Male,3,723
Male,3,1188
Male,3,2260
Male,3,867
Male,3,1193
Male,3,1029
Male,3,755
Male,3,410
Male,3,1247
Male,3,240
Male,3,814
Male,3,441
Male,3,420
Male,3,560
Male,3,1030
Male,3,488
Male,4,31686
Male,4,376
Male,4,2869
Male,4,1380
Male,4,2275
Male,4,2002
Male,4,1704
Male,4,616
Male,4,643
Male,4,276
Male,4,918
Male,4,1578
Male,4,519
Male,4,599
Male,4,1020
Male,4,1010
Male,4,739
Male,4,1142
Male,4,2358
Male,4,876
Male,4,1240
Male,4,1074
Male,4,756
Male,4,412
Male,4,1354
Male,4,223
Male,4,842
Male,4,427
Male,4,412
Male,4,555
Male,4,1042
Male,4,449
Male,5,32684
Male,5,384
Male,5,2793
Male,5,1442
Male,5,2387
Male,5,2107
Male,5,1692
Male,5,693
Male,5,641
Male,5,347
Male,5,897
Male,5,1601
Male,5,569
Male,5,659
Male,5,1022
Male,5,1063
Male,5,821
Male,5,1176
Male,5,2406
Male,5,938
Male,5,1294
Male,5,1083
Male,5,787
Male,5,437
Male,5,1326
Male,5,229
Male,5,880
Male,5,471
Male,5,427
Male,5,599
Male,5,1079
Male,5,434
Male,6,34092
Male,6,383
Male,6,2934
Male,6,1485
Male,6,2502
Male,6,2141
Male,6,1784
Male,6,763
Male,6,698
Male,6,337
Male,6,987
Male,6,1588
Male,6,557
Male,6,684
Male,6,1107
Male,6,1090
Male,6,867
Male,6,1268
Male,6,2638
Male,6,945
Male,6,1304
Male,6,1123
Male,6,847
Male,6,449
Male,6,1359
Male,6,232
Male,6,917
Male,6,450
Male,6,423
Male,6,585
Male,6,1163
Male,6,482
Male,7,35429
Male,7,434
Male,7,3021
Male,7,1505
Male,7,2577
Male,7,2302
Male,7,1879
Male,7,711
Male,7,713
Male,7,331
Male,7,1014
Male,7,1774
Male,7,620
Male,7,654
Male,7,1164
Male,7,1152
Male,7,858
Male,7,1369
Male,7,2737
Male,7,1011
Male,7,1332
Male,7,1148
Male,7,848
Male,7,460
Male,7,1368
Male,7,254
Male,7,924
Male,7,507
Male,7,508
Male,7,607
Male,7,1137
Male,7,510
Male,8,36296
Male,8,415
Male,8,3095
Male,8,1517
Male,8,2752
Male,8,2320
Male,8,1926
Male,8,781
Male,8,723
Male,8,348
Male,8,1048
Male,8,1881
Male,8,638
Male,8,700
Male,8,1188
Male,8,1132
Male,8,869
Male,8,1270
Male,8,2785
Male,8,957
Male,8,1408
Male,8,1158
Male,8,916
Male,8,443
Male,8,1507
Male,8,254
Male,8,931
Male,8,512
Male,8,481
Male,8,602
Male,8,1224
Male,8,515
Male,9,36969
Male,9,447
Male,9,3040
Male,9,1454
Male,9,2775
Male,9,2298
Male,9,1939
Male,9,756
Male,9,780
Male,9,390
Male,9,1063
Male,9,1805
Male,9,610
Male,9,748
Male,9,1235
Male,9,1203
Male,9,933
Male,9,1346
Male,9,2802
Male,9,1071
Male,9,1462
Male,9,1127
Male,9,901
Male,9,477
Male,9,1545
Male,9,284
Male,9,978
Male,9,546
Male,9,512
Male,9,687
Male,9,1222
Male,9,533
Male,10,38035
Male,10,475
Male,10,3147
Male,10,1586
Male,10,2938
Male,10,2527
Male,10,1985
Male,10,847
Male,10,793
Male,10,367
Male,10,1096
Male,10,1956
Male,10,643
Male,10,715
Male,10,1266
Male,10,1183
Male,10,914
Male,10,1295
Male,10,2821
Male,10,1043
Male,10,1476
Male,10,1290
Male,10,904
Male,10,450
Male,10,1556
Male,10,245
Male,10,968
Male,10,524
Male,10,553
Male,10,651
Male,10,1277
Male,10,544
Male,11,38296
Male,11,514
Male,11,3053
Male,11,1536
Male,11,2807
Male,11,2382
Male,11,2127
Male,11,800
Male,11,824
Male,11,391
Male,11,1120
Male,11,1978
Male,11,659
Male,11,770
Male,11,1220
Male,11,1247
Male,11,908
Male,11,1393
Male,11,2979
Male,11,1042
Male,11,1492
Male,11,1268
Male,11,934
Male,11,491
Male,11,1491
Male,11,266
Male,11,1015
Male,11,553
Male,11,497
Male,11,704
Male,11,1330
Male,11,505
Male,12,38957
Male,12,441
Male,12,3236
Male,12,1561
Male,12,3013
Male,12,2459
Male,12,2057
Male,12,825
Male,12,818
Male,12,381
Male,12,1098
Male,12,1964
Male,12,681
Male,12,752
Male,12,1215
Male,12,1261
Male,12,984
Male,12,1356
Male,12,3072
Male,12,1165
Male,12,1521
Male,12,1346
Male,12,984
Male,12,443
Male,12,1530
Male,12,256
Male,12,1000
Male,12,508
Male,12,521
Male,12,645
Male,12,1332
Male,12,532
Male,13,38474
Male,13,484
Male,13,3064
Male,13,1544
Male,13,2830
Male,13,2373
Male,13,2058
Male,13,843
Male,13,788
Male,13,385
Male,13,1190
Male,13,1897
Male,13,694
Male,13,743
Male,13,1338
Male,13,1294
Male,13,960
Male,13,1292
Male,13,2936
Male,13,1107
Male,13,1516
Male,13,1256
Male,13,942
Male,13,511
Male,13,1568
Male,13,259
Male,13,969
Male,13,549
Male,13,480
Male,13,709
Male,13,1377
Male,13,518
Male,14,37352
Male,14,486
Male,14,2806
Male,14,1453
Male,14,2714
Male,14,2359
Male,14,2037
Male,14,855
Male,14,790
Male,14,372
Male,14,1089
Male,14,1841
Male,14,687
Male,14,733
Male,14,1213
Male,14,1246
Male,14,954
Male,14,1271
Male,14,2855
Male,14,1102
Male,14,1453
Male,14,1263
Male,14,960
Male,14,456
Male,14,1538
Male,14,265
Male,14,974
Male,14,523
Male,14,525
Male,14,641
Male,14,1329
Male,14,562
Male,15,35948
Male,15,432
Male,15,2713
Male,15,1392
Male,15,2528
Male,15,2147
Male,15,1933
Male,15,828
Male,15,747
Male,15,384
Male,15,1110
Male,15,1771
Male,15,655
Male,15,703
Male,15,1191
Male,15,1195
Male,15,981
Male,15,1323
Male,15,2795
Male,15,1092
Male,15,1409
Male,15,1250
Male,15,954
Male,15,444
Male,15,1381
Male,15,265
Male,15,929
Male,15,511
Male,15,512
Male,15,628
Male,15,1271
Male,15,474
Male,16,34646
Male,16,431
Male,16,2750
Male,16,1381
Male,16,2293
Male,16,2104
Male,16,1803
Male,16,783
Male,16,680
Male,16,340
Male,16,1052
Male,16,1705
Male,16,600
Male,16,713
Male,16,1197
Male,16,1077
Male,16,903
Male,16,1219
Male,16,2609
Male,16,988
Male,16,1436
Male,16,1160
Male,16,945
Male,16,419
Male,16,1519
Male,16,265
Male,16,945
Male,16,503
Male,16,461
Male,16,611
Male,16,1292
Male,16,462
Male,17,34981
Male,17,463
Male,17,2906
Male,17,1374
Male,17,2371
Male,17,2078
Male,17,1884
Male,17,726
Male,17,703
Male,17,331
Male,17,1032
Male,17,1613
Male,17,638
Male,17,685
Male,17,1204
Male,17,1168
Male,17,954
Male,17,1225
Male,17,2674
Male,17,1057
Male,17,1391
Male,17,1240
Male,17,863
Male,17,438
Male,17,1457
Male,17,270
Male,17,946
Male,17,481
Male,17,481
Male,17,596
Male,17,1236
Male,17,496
Male,18,33900
Male,18,437
Male,18,3143
Male,18,1427
Male,18,2221
Male,18,2022
Male,18,1888
Male,18,715
Male,18,665
Male,18,337
Male,18,999
Male,18,1593
Male,18,637
Male,18,641
Male,18,1142
Male,18,997
Male,18,860
Male,18,1360
Male,18,2443
Male,18,985
Male,18,1396
Male,18,1089
Male,18,882
Male,18,512
Male,18,1332
Male,18,229
Male,18,873
Male,18,487
Male,18,435
Male,18,574
Male,18,1175
Male,18,404
Male,19,32867
Male,19,446
Male,19,3669
Male,19,1577
Male,19,2167
Male,19,2041
Male,19,1744
Male,19,562
Male,19,593
Male,19,287
Male,19,894
Male,19,1507
Male,19,545
Male,19,585
Male,19,941
Male,19,965
Male,19,829
Male,19,1674
Male,19,2259
Male,19,880
Male,19,1467
Male,19,930
Male,19,826
Male,19,758
Male,19,1212
Male,19,162
Male,19,734
Male,19,373
Male,19,419
Male,19,479
Male,19,930
Male,19,412
Male,20,32120
Male,20,444
Male,20,3777
Male,20,1535
Male,20,2080
Male,20,1904
Male,20,1744
Male,20,560
Male,20,537
Male,20,315
Male,20,1037
Male,20,1454
Male,20,504
Male,20,562
Male,20,932
Male,20,908
Male,20,828
Male,20,1652
Male,20,2004
Male,20,807
Male,20,1428
Male,20,970
Male,20,794
Male,20,882
Male,20,1078
Male,20,185
Male,20,652
Male,20,375
Male,20,427
Male,20,455
Male,20,941
Male,20,349
Male,21,30771
Male,21,432
Male,21,3903
Male,21,1480
Male,21,1959
Male,21,1900
Male,21,1587
Male,21,574
Male,21,534
Male,21,274
Male,21,897
Male,21,1330
Male,21,466
Male,21,572
Male,21,801
Male,21,879
Male,21,655
Male,21,1667
Male,21,1871
Male,21,756
Male,21,1343
Male,21,939
Male,21,772
Male,21,923
Male,21,1010
Male,21,146
Male,21,629
Male,21,343
Male,21,449
Male,21,442
Male,21,887
Male,21,351
Male,22,31450
Male,22,408
Male,22,4372
Male,22,1607
Male,22,1983
Male,22,1873
Male,22,1510
Male,22,555
Male,22,517
Male,22,259
Male,22,852
Male,22,1314
Male,22,502
Male,22,535
Male,22,878
Male,22,870
Male,22,775
Male,22,1842
Male,22,1832
Male,22,790
Male,22,1478
Male,22,909
Male,22,751
Male,22,895
Male,22,928
Male,22,170
Male,22,624
Male,22,347
Male,22,411
Male,22,441
Male,22,870
Male,22,352
Male,23,30871
Male,23,376
Male,23,4839
Male,23,1566
Male,23,1926
Male,23,1899
Male,23,1469
Male,23,523
Male,23,503
Male,23,266
Male,23,812
Male,23,1257
Male,23,453
Male,23,584
Male,23,854
Male,23,811
Male,23,632
Male,23,1721
Male,23,1785
Male,23,834
Male,23,1351
Male,23,866
Male,23,740
Male,23,795
Male,23,907
Male,23,177
Male,23,619
Male,23,336
Male,23,365
Male,23,436
Male,23,809
Male,23,360
Male,24,30234
Male,24,340
Male,24,5137
Male,24,1508
Male,24,1818
Male,24,1855
Male,24,1340
Male,24,526
Male,24,471
Male,24,239
Male,24,737
Male,24,1170
Male,24,437
Male,24,567
Male,24,837
Male,24,725
Male,24,649
Male,24,1687
Male,24,1704
Male,24,750
Male,24,1355
Male,24,842
Male,24,711
Male,24,855
Male,24,899
Male,24,147
Male,24,644
Male,24,285
Male,24,373
Male,24,429
Male,24,821
Male,24,376
Male,25,29969
Male,25,330
Male,25,5634
Male,25,1532
Male,25,1831
Male,25,1761
Male,25,1344
Male,25,539
Male,25,437
Male,25,210
Male,25,750
Male,25,1073
Male,25,424
Male,25,517
Male,25,793
Male,25,687
Male,25,627
Male,25,1779
Male,25,1590
Male,25,755
Male,25,1346
Male,25,844
Male,25,654
Male,25,788
Male,25,802
Male,25,142
Male,25,598
Male,25,312
Male,25,359
Male,25,438
Male,25,757
Male,25,316
Male,26,29376
Male,26,330
Male,26,5732
Male,26,1537
Male,26,1841
Male,26,1713
Male,26,1235
Male,26,472
Male,26,459
Male,26,250
Male,26,676
Male,26,1008
Male,26,409
Male,26,527
Male,26,803
Male,26,667
Male,26,586
Male,26,1757
Male,26,1512
Male,26,711
Male,26,1264
Male,26,768
Male,26,641
Male,26,771
Male,26,842
Male,26,156
Male,26,579
Male,26,316
Male,26,316
Male,26,402
Male,26,772
Male,26,324
Male,27,29162
Male,27,349
Male,27,5965
Male,27,1471
Male,27,1809
Male,27,1745
Male,27,1294
Male,27,470
Male,27,482
Male,27,230
Male,27,697
Male,27,992
Male,27,417
Male,27,505
Male,27,743
Male,27,682
Male,27,593
Male,27,1702
Male,27,1526
Male,27,713
Male,27,1229
Male,27,775
Male,27,639
Male,27,730
Male,27,672
Male,27,137
Male,27,556
Male,27,275
Male,27,337
Male,27,380
Male,27,695
Male,27,352
Male,28,28902
Male,28,304
Male,28,5931
Male,28,1412
Male,28,1772
Male,28,1741
Male,28,1226
Male,28,480
Male,28,441
Male,28,224
Male,28,739
Male,28,1021
Male,28,404
Male,28,471
Male,28,740
Male,28,707
Male,28,580
Male,28,1712
Male,28,1514
Male,28,666
Male,28,1153
Male,28,809
Male,28,607
Male,28,704
Male,28,784
Male,28,143
Male,28,598
Male,28,297
Male,28,310
Male,28,389
Male,28,714
Male,28,309
Male,29,29989
Male,29,353
Male,29,6102
Male,29,1431
Male,29,1824
Male,29,1786
Male,29,1329
Male,29,530
Male,29,448
Male,29,205
Male,29,708
Male,29,1091
Male,29,411
Male,29,555
Male,29,760
Male,29,696
Male,29,605
Male,29,1717
Male,29,1603
Male,29,706
Male,29,1230
Male,29,823
Male,29,622
Male,29,737
Male,29,847
Male,29,156
Male,29,599
Male,29,314
Male,29,327
Male,29,390
Male,29,754
Male,29,330
Male,30,30858
Male,30,367
Male,30,6163
Male,30,1511
Male,30,1888
Male,30,1819
Male,30,1372
Male,30,513
Male,30,470
Male,30,263
Male,30,769
Male,30,1097
Male,30,447
Male,30,523
Male,30,877
Male,30,688
Male,30,582
Male,30,1703
Male,30,1672
Male,30,792
Male,30,1250
Male,30,827
Male,30,719
Male,30,677
Male,30,813
Male,30,164
Male,30,657
Male,30,315
Male,30,334
Male,30,416
Male,30,788
Male,30,382
Male,31,32237
Male,31,349
Male,31,6287
Male,31,1510
Male,31,2061
Male,31,1898
Male,31,1396
Male,31,599
Male,31,509
Male,31,232
Male,31,796
Male,31,1252
Male,31,443
Male,31,602
Male,31,945
Male,31,783
Male,31,623
Male,31,1767
Male,31,1725
Male,31,772
Male,31,1205
Male,31,867
Male,31,712
Male,31,759
Male,31,958
Male,31,155
Male,31,719
Male,31,343
Male,31,334
Male,31,450
Male,31,831
Male,31,355
Male,32,32413
Male,32,362
Male,32,6080
Male,32,1516
Male,32,2088
Male,32,1887
Male,32,1462
Male,32,578
Male,32,559
Male,32,267
Male,32,782
Male,32,1254
Male,32,447
Male,32,562
Male,32,906
Male,32,827
Male,32,642
Male,32,1727
Male,32,1791
Male,32,854
Male,32,1316
Male,32,867
Male,32,771
Male,32,655
Male,32,907
Male,32,163
Male,32,667
Male,32,381
Male,32,361
Male,32,466
Male,32,927
Male,32,341
Male,33,31888
Male,33,366
Male,33,5734
Male,33,1442
Male,33,2157
Male,33,1895
Male,33,1522
Male,33,563
Male,33,538
Male,33,261
Male,33,814
Male,33,1253
Male,33,444
Male,33,582
Male,33,821
Male,33,837
Male,33,643
Male,33,1633
Male,33,1910
Male,33,755
Male,33,1310
Male,33,884
Male,33,686
Male,33,594
Male,33,996
Male,33,173
Male,33,761
Male,33,359
Male,33,321
Male,33,466
Male,33,868
Male,33,300
Male,34,33121
Male,34,360
Male,34,5503
Male,34,1488
Male,34,2188
Male,34,2040
Male,34,1563
Male,34,594
Male,34,548
Male,34,291
Male,34,890
Male,34,1350
Male,34,503
Male,34,575
Male,34,961
Male,34,865
Male,34,714
Male,34,1636
Male,34,2038
Male,34,817
Male,34,1314
Male,34,939
Male,34,711
Male,34,611
Male,34,1056
Male,34,192
Male,34,778
Male,34,383
Male,34,370
Male,34,475
Male,34,946
Male,34,422
Male,35,34695
Male,35,387
Male,35,5488
Male,35,1506
Male,35,2321
Male,35,2054
Male,35,1722
Male,35,634
Male,35,655
Male,35,296
Male,35,868
Male,35,1504
Male,35,546
Male,35,666
Male,35,986
Male,35,923
Male,35,729
Male,35,1687
Male,35,2181
Male,35,860
Male,35,1404
Male,35,982
Male,35,807
Male,35,610
Male,35,1139
Male,35,216
Male,35,821
Male,35,420
Male,35,399
Male,35,519
Male,35,959
Male,35,406
Male,36,35828
Male,36,397
Male,36,5401
Male,36,1511
Male,36,2484
Male,36,2304
Male,36,1733
Male,36,625
Male,36,667
Male,36,331
Male,36,946
Male,36,1526
Male,36,521
Male,36,722
Male,36,1009
Male,36,949
Male,36,765
Male,36,1701
Male,36,2198
Male,36,992
Male,36,1419
Male,36,1011
Male,36,832
Male,36,625
Male,36,1193
Male,36,211
Male,36,871
Male,36,465
Male,36,444
Male,36,549
Male,36,1005
Male,36,421
Male,37,36427
Male,37,451
Male,37,5208
Male,37,1543
Male,37,2528
Male,37,2327
Male,37,1837
Male,37,657
Male,37,704
Male,37,275
Male,37,878
Male,37,1601
Male,37,563
Male,37,719
Male,37,1002
Male,37,1076
Male,37,788
Male,37,1759
Male,37,2355
Male,37,948
Male,37,1468
Male,37,1019
Male,37,823
Male,37,650
Male,37,1243
Male,37,211
Male,37,899
Male,37,431
Male,37,423
Male,37,578
Male,37,991
Male,37,472
Male,38,37513
Male,38,465
Male,38,5083
Male,38,1644
Male,38,2682
Male,38,2418
Male,38,1889
Male,38,683
Male,38,718
Male,38,333
Male,38,964
Male,38,1605
Male,38,564
Male,38,657
Male,38,1067
Male,38,1077
Male,38,863
Male,38,1728
Male,38,2461
Male,38,1033
Male,38,1521
Male,38,1124
Male,38,851
Male,38,624
Male,38,1266
Male,38,231
Male,38,892
Male,38,492
Male,38,493
Male,38,583
Male,38,1036
Male,38,466
Male,39,38749
Male,39,453
Male,39,4959
Male,39,1667
Male,39,2780
Male,39,2420
Male,39,2085
Male,39,756
Male,39,762
Male,39,337
Male,39,1001
Male,39,1752
Male,39,581
Male,39,758
Male,39,1078
Male,39,1137
Male,39,829
Male,39,1721
Male,39,2631
Male,39,1022
Male,39,1540
Male,39,1136
Male,39,851
Male,39,644
Male,39,1407
Male,39,242
Male,39,959
Male,39,470
Male,39,509
Male,39,641
Male,39,1121
Male,39,500
Male,40,40301
Male,40,494
Male,40,4961
Male,40,1736
Male,40,2973
Male,40,2575
Male,40,2090
Male,40,810
Male,40,747
Male,40,396
Male,40,1119
Male,40,1787
Male,40,691
Male,40,723
Male,40,1172
Male,40,1176
Male,40,907
Male,40,1750
Male,40,2744
Male,40,1112
Male,40,1637
Male,40,1226
Male,40,898
Male,40,707
Male,40,1443
Male,40,245
Male,40,943
Male,40,489
Male,40,491
Male,40,633
Male,40,1149
Male,40,477
Male,41,41401
Male,41,487
Male,41,4913
Male,41,1795
Male,41,3043
Male,41,2610
Male,41,2183
Male,41,787
Male,41,799
Male,41,410
Male,41,1100
Male,41,1850
Male,41,628
Male,41,759
Male,41,1293
Male,41,1250
Male,41,926
Male,41,1727
Male,41,2933
Male,41,1141
Male,41,1646
Male,41,1247
Male,41,960
Male,41,699
Male,41,1587
Male,41,276
Male,41,950
Male,41,546
Male,41,509
Male,41,630
Male,41,1168
Male,41,549
Male,42,41644
Male,42,528
Male,42,4704
Male,42,1812
Male,42,3069
Male,42,2626
Male,42,2192
Male,42,791
Male,42,813
Male,42,384
Male,42,1133
Male,42,1903
Male,42,625
Male,42,778
Male,42,1302
Male,42,1306
Male,42,969
Male,42,1747
Male,42,2906
Male,42,1248
Male,42,1613
Male,42,1254
Male,42,1022
Male,42,692
Male,42,1558
Male,42,249
Male,42,1007
Male,42,538
Male,42,541
Male,42,624
Male,42,1224
Male,42,486
Male,43,39275
Male,43,487
Male,43,4458
Male,43,1665
Male,43,2948
Male,43,2555
Male,43,2080
Male,43,799
Male,43,727
Male,43,384
Male,43,971
Male,43,1773
Male,43,572
Male,43,673
Male,43,1119
Male,43,1222
Male,43,892
Male,43,1638
Male,43,2853
Male,43,1145
Male,43,1543
Male,43,1235
Male,43,1008
Male,43,645
Male,43,1469
Male,43,246
Male,43,919
Male,43,472
Male,43,482
Male,43,632
Male,43,1186
Male,43,477
Male,44,37940
Male,44,448
Male,44,4210
Male,44,1566
Male,44,2707
Male,44,2330
Male,44,1971
Male,44,800
Male,44,712
Male,44,334
Male,44,1002
Male,44,1748
Male,44,617
Male,44,679
Male,44,1114
Male,44,1224
Male,44,884
Male,44,1535
Male,44,2778
Male,44,1179
Male,44,1503
Male,44,1172
Male,44,930
Male,44,613
Male,44,1449
Male,44,264
Male,44,955
Male,44,478
Male,44,506
Male,44,586
Male,44,1181
Male,44,465
Male,45,37710
Male,45,447
Male,45,4016
Male,45,1443
Male,45,2788
Male,45,2222
Male,45,1959
Male,45,770
Male,45,721
Male,45,365
Male,45,968
Male,45,1719
Male,45,623
Male,45,701
Male,45,1166
Male,45,1194
Male,45,936
Male,45,1495
Male,45,2866
Male,45,1147
Male,45,1566
Male,45,1237
Male,45,921
Male,45,584
Male,45,1462
Male,45,267
Male,45,931
Male,45,481
Male,45,492
Male,45,538
Male,45,1193
Male,45,492
Male,46,37289
Male,46,463
Male,46,3858
Male,46,1546
Male,46,2681
Male,46,2145
Male,46,1957
Male,46,807
Male,46,665
Male,46,333
Male,46,1055
Male,46,1770
Male,46,638
Male,46,644
Male,46,1137
Male,46,1171
Male,46,902
Male,46,1520
Male,46,2783
Male,46,1089
Male,46,1541
Male,46,1194
Male,46,878
Male,46,577
Male,46,1464
Male,46,244
Male,46,974
Male,46,481
Male,46,469
Male,46,587
Male,46,1239
Male,46,477
Male,47,37053
Male,47,453
Male,47,3801
Male,47,1510
Male,47,2715
Male,47,2105
Male,47,1933
Male,47,738
Male,47,684
Male,47,355
Male,47,986
Male,47,1778
Male,47,622
Male,47,712
Male,47,1126
Male,47,1208
Male,47,882
Male,47,1501
Male,47,2801
Male,47,1151
Male,47,1505
Male,47,1258
Male,47,886
Male,47,569
Male,47,1412
Male,47,244
Male,47,919
Male,47,529
Male,47,508
Male,47,588
Male,47,1119
Male,47,455
Male,48,36472
Male,48,411
Male,48,3741
Male,48,1561
Male,48,2614
Male,48,2084
Male,48,1930
Male,48,796
Male,48,665
Male,48,307
Male,48,1010
Male,48,1692
Male,48,596
Male,48,656
Male,48,1159
Male,48,1190
Male,48,958
Male,48,1394
Male,48,2820
Male,48,1138
Male,48,1450
Male,48,1167
Male,48,885
Male,48,483
Male,48,1464
Male,48,243
Male,48,905
Male,48,508
Male,48,466
Male,48,562
Male,48,1151
Male,48,466
Male,49,36650
Male,49,453
Male,49,3701
Male,49,1555
Male,49,2562
Male,49,2070
Male,49,1921
Male,49,816
Male,49,661
Male,49,366
Male,49,1025
Male,49,1751
Male,49,611
Male,49,684
Male,49,1184
Male,49,1196
Male,49,941
Male,49,1466
Male,49,2691
Male,49,1100
Male,49,1474
Male,49,1242
Male,49,909
Male,49,489
Male,49,1463
Male,49,238
Male,49,918
Male,49,502
Male,49,448
Male,49,555
Male,49,1187
Male,49,471
Male,50,36050
Male,50,443
Male,50,3753
Male,50,1494
Male,50,2434
Male,50,1926
Male,50,1911
Male,50,726
Male,50,692
Male,50,309
Male,50,1050
Male,50,1700
Male,50,594
Male,50,673
Male,50,1193
Male,50,1156
Male,50,946
Male,50,1424
Male,50,2708
Male,50,1164
Male,50,1496
Male,50,1131
Male,50,869
Male,50,469
Male,50,1392
Male,50,264
Male,50,971
Male,50,488
Male,50,424
Male,50,604
Male,50,1185
Male,50,461
Male,51,34926
Male,51,379
Male,51,3567
Male,51,1470
Male,51,2252
Male,51,1894
Male,51,1821
Male,51,694
Male,51,660
Male,51,328
Male,51,1025
Male,51,1587
Male,51,537
Male,51,654
Male,51,1182
Male,51,1177
Male,51,916
Male,51,1372
Male,51,2684
Male,51,1120
Male,51,1413
Male,51,1174
Male,51,867
Male,51,498
Male,51,1406
Male,51,225
Male,51,955
Male,51,495
Male,51,495
Male,51,537
Male,51,1129
Male,51,413
Male,52,34356
Male,52,420
Male,52,3453
Male,52,1409
Male,52,2153
Male,52,1855
Male,52,1749
Male,52,742
Male,52,656
Male,52,319
Male,52,974
Male,52,1594
Male,52,555
Male,52,652
Male,52,1179
Male,52,1104
Male,52,919
Male,52,1340
Male,52,2555
Male,52,1148
Male,52,1414
Male,52,1148
Male,52,836
Male,52,466
Male,52,1360
Male,52,247
Male,52,925
Male,52,513
Male,52,463
Male,52,557
Male,52,1195
Male,52,456
Male,53,32611
Male,53,400
Male,53,3331
Male,53,1332
Male,53,2013
Male,53,1733
Male,53,1611
Male,53,700
Male,53,618
Male,53,296
Male,53,958
Male,53,1464
Male,53,546
Male,53,645
Male,53,1099
Male,53,989
Male,53,873
Male,53,1263
Male,53,2452
Male,53,1099
Male,53,1285
Male,53,1136
Male,53,881
Male,53,424
Male,53,1308
Male,53,243
Male,53,880
Male,53,468
Male,53,438
Male,53,553
Male,53,1141
Male,53,432
Male,54,32050
Male,54,423
Male,54,3389
Male,54,1291
Male,54,1882
Male,54,1649
Male,54,1580
Male,54,659
Male,54,600
Male,54,315
Male,54,911
Male,54,1447
Male,54,579
Male,54,605
Male,54,1058
Male,54,973
Male,54,850
Male,54,1305
Male,54,2325
Male,54,1052
Male,54,1307
Male,54,1124
Male,54,806
Male,54,418
Male,54,1321
Male,54,244
Male,54,919
Male,54,445
Male,54,487
Male,54,538
Male,54,1144
Male,54,404
Male,55,31353
Male,55,412
Male,55,3075
Male,55,1334
Male,55,1805
Male,55,1622
Male,55,1513
Male,55,698
Male,55,605
Male,55,275
Male,55,854
Male,55,1355
Male,55,494
Male,55,591
Male,55,1081
Male,55,961
Male,55,867
Male,55,1278
Male,55,2455
Male,55,1007
Male,55,1298
Male,55,1109
Male,55,872
Male,55,408
Male,55,1306
Male,55,242
Male,55,903
Male,55,491
Male,55,451
Male,55,542
Male,55,1075
Male,55,374
Male,56,30684
Male,56,377
Male,56,3168
Male,56,1249
Male,56,1695
Male,56,1483
Male,56,1504
Male,56,679
Male,56,554
Male,56,283
Male,56,877
Male,56,1352
Male,56,535
Male,56,542
Male,56,1013
Male,56,985
Male,56,828
Male,56,1286
Male,56,2364
Male,56,1042
Male,56,1227
Male,56,1130
Male,56,828
Male,56,438
Male,56,1238
Male,56,224
Male,56,888
Male,56,461
Male,56,415
Male,56,550
Male,56,1062
Male,56,407
Male,57,30891
Male,57,355
Male,57,3166
Male,57,1295
Male,57,1672
Male,57,1491
Male,57,1464
Male,57,666
Male,57,522
Male,57,307
Male,57,845
Male,57,1425
Male,57,532
Male,57,585
Male,57,1080
Male,57,1038
Male,57,824
Male,57,1282
Male,57,2338
Male,57,1027
Male,57,1253
Male,57,1157
Male,57,820
Male,57,419
Male,57,1262
Male,57,245
Male,57,946
Male,57,455
Male,57,420
Male,57,515
Male,57,1095
Male,57,390
Male,58,29775
Male,58,356
Male,58,3113
Male,58,1278
Male,58,1600
Male,58,1445
Male,58,1349
Male,58,626
Male,58,529
Male,58,277
Male,58,834
Male,58,1198
Male,58,544
Male,58,567
Male,58,1042
Male,58,905
Male,58,841
Male,58,1317
Male,58,2230
Male,58,1040
Male,58,1203
Male,58,1081
Male,58,809
Male,58,356
Male,58,1201
Male,58,230
Male,58,917
Male,58,498
Male,58,464
Male,58,468
Male,58,1078
Male,58,379
Male,59,29196
Male,59,383
Male,59,3040
Male,59,1285
Male,59,1593
Male,59,1470
Male,59,1261
Male,59,638
Male,59,501
Male,59,263
Male,59,774
Male,59,1207
Male,59,489
Male,59,593
Male,59,985
Male,59,952
Male,59,797
Male,59,1285
Male,59,2166
Male,59,1031
Male,59,1176
Male,59,1124
Male,59,837
Male,59,351
Male,59,1133
Male,59,212
Male,59,905
Male,59,444
Male,59,451
Male,59,515
Male,59,962
Male,59,373
Male,60,28455
Male,60,356
Male,60,2961
Male,60,1254
Male,60,1502
Male,60,1435
Male,60,1276
Male,60,594
Male,60,506
Male,60,269
Male,60,772
Male,60,1111
Male,60,463
Male,60,565
Male,60,1015
Male,60,985
Male,60,783
Male,60,1277
Male,60,2108
Male,60,1001
Male,60,1184
Male,60,998
Male,60,769
Male,60,376
Male,60,1161
Male,60,213
Male,60,845
Male,60,432
Male,60,429
Male,60,478
Male,60,963
Male,60,374
Male,61,27849
Male,61,334
Male,61,2829
Male,61,1190
Male,61,1427
Male,61,1438
Male,61,1237
Male,61,599
Male,61,496
Male,61,263
Male,61,754
Male,61,1128
Male,61,542
Male,61,517
Male,61,979
Male,61,861
Male,61,756
Male,61,1156
Male,61,2084
Male,61,973
Male,61,1152
Male,61,1097
Male,61,730
Male,61,360
Male,61,1142
Male,61,222
Male,61,876
Male,61,473
Male,61,441
Male,61,464
Male,61,945
Male,61,384
Male,62,27116
Male,62,333
Male,62,2781
Male,62,1188
Male,62,1399
Male,62,1310
Male,62,1126
Male,62,645
Male,62,478
Male,62,266
Male,62,707
Male,62,1025
Male,62,485
Male,62,534
Male,62,962
Male,62,836
Male,62,754
Male,62,1120
Male,62,2048
Male,62,1036
Male,62,1115
Male,62,958
Male,62,760
Male,62,333
Male,62,1122
Male,62,225
Male,62,902
Male,62,409
Male,62,436
Male,62,473
Male,62,944
Male,62,406
Male,63,25884
Male,63,326
Male,63,2626
Male,63,1109
Male,63,1302
Male,63,1309
Male,63,1115
Male,63,574
Male,63,482
Male,63,226
Male,63,659
Male,63,979
Male,63,432
Male,63,498
Male,63,929
Male,63,825
Male,63,782
Male,63,1092
Male,63,1885
Male,63,983
Male,63,1149
Male,63,939
Male,63,699
Male,63,328
Male,63,1031
Male,63,228
Male,63,890
Male,63,436
Male,63,403
Male,63,420
Male,63,926
Male,63,302
Male,64,25127
Male,64,287
Male,64,2456
Male,64,1092
Male,64,1241
Male,64,1277
Male,64,1031
Male,64,593
Male,64,450
Male,64,216
Male,64,650
Male,64,933
Male,64,406
Male,64,483
Male,64,870
Male,64,760
Male,64,712
Male,64,1069
Male,64,1862
Male,64,943
Male,64,1132
Male,64,997
Male,64,643
Male,64,321
Male,64,1096
Male,64,206
Male,64,874
Male,64,430
Male,64,401
Male,64,430
Male,64,903
Male,64,363
Male,65,24900
Male,65,322
Male,65,2456
Male,65,1033
Male,65,1247
Male,65,1197
Male,65,1073
Male,65,511
Male,65,458
Male,65,214
Male,65,627
Male,65,893
Male,65,470
Male,65,502
Male,65,904
Male,65,728
Male,65,691
Male,65,1061
Male,65,1837
Male,65,975
Male,65,1051
Male,65,960
Male,65,690
Male,65,303
Male,65,1055
Male,65,216
Male,65,853
Male,65,423
Male,65,410
Male,65,457
Male,65,945
Male,65,338
Male,66,23759
Male,66,283
Male,66,2204
Male,66,1027
Male,66,1090
Male,66,1204
Male,66,968
Male,66,564
Male,66,404
Male,66,217
Male,66,658
Male,66,914
Male,66,413
Male,66,473
Male,66,817
Male,66,740
Male,66,647
Male,66,915
Male,66,1798
Male,66,936
Male,66,1093
Male,66,948
Male,66,619
Male,66,288
Male,66,1034
Male,66,229
Male,66,866
Male,66,412
Male,66,363
Male,66,383
Male,66,894
Male,66,358
Male,67,23627
Male,67,271
Male,67,2194
Male,67,974
Male,67,1075
Male,67,1228
Male,67,1028
Male,67,546
Male,67,401
Male,67,229
Male,67,630
Male,67,882
Male,67,406
Male,67,457
Male,67,894
Male,67,710
Male,67,672
Male,67,976
Male,67,1683
Male,67,945
Male,67,998
Male,67,908
Male,67,692
Male,67,313
Male,67,1019
Male,67,194
Male,67,844
Male,67,419
Male,67,390
Male,67,419
Male,67,905
Male,67,325
Male,68,22502
Male,68,291
Male,68,2065
Male,68,970
Male,68,1077
Male,68,1145
Male,68,909
Male,68,550
Male,68,368
Male,68,243
Male,68,591
Male,68,861
Male,68,337
Male,68,421
Male,68,785
Male,68,693
Male,68,637
Male,68,886
Male,68,1727
Male,68,857
Male,68,998
Male,68,915
Male,68,618
Male,68,287
Male,68,926
Male,68,213
Male,68,803
Male,68,401
Male,68,358
Male,68,381
Male,68,867
Male,68,322
Male,69,22594
Male,69,276
Male,69,2147
Male,69,976
Male,69,1127
Male,69,1154
Male,69,947
Male,69,490
Male,69,382
Male,69,212
Male,69,536
Male,69,788
Male,69,409
Male,69,424
Male,69,818
Male,69,653
Male,69,673
Male,69,888
Male,69,1713
Male,69,834
Male,69,1043
Male,69,875
Male,69,578
Male,69,324
Male,69,990
Male,69,201
Male,69,791
Male,69,406
Male,69,371
Male,69,358
Male,69,889
Male,69,321
Male,70,21253
Male,70,277
Male,70,1930
Male,70,927
Male,70,1031
Male,70,1148
Male,70,845
Male,70,471
Male,70,371
Male,70,244
Male,70,545
Male,70,726
Male,70,369
Male,70,391
Male,70,788
Male,70,634
Male,70,604
Male,70,890
Male,70,1607
Male,70,881
Male,70,960
Male,70,805
Male,70,572
Male,70,262
Male,70,863
Male,70,191
Male,70,727
Male,70,395
Male,70,333
Male,70,348
Male,70,837
Male,70,281
Male,71,20449
Male,71,238
Male,71,1863
Male,71,861
Male,71,953
Male,71,1112
Male,71,824
Male,71,410
Male,71,353
Male,71,199
Male,71,488
Male,71,767
Male,71,357
Male,71,374
Male,71,767
Male,71,631
Male,71,596
Male,71,813
Male,71,1518
Male,71,838
Male,71,908
Male,71,780
Male,71,547
Male,71,248
Male,71,855
Male,71,200
Male,71,805
Male,71,355
Male,71,386
Male,71,340
Male,71,772
Male,71,291
Male,72,19965
Male,72,248
Male,72,1821
Male,72,803
Male,72,959
Male,72,1107
Male,72,785
Male,72,471
Male,72,315
Male,72,202
Male,72,523
Male,72,743
Male,72,321
Male,72,367
Male,72,747
Male,72,595
Male,72,605
Male,72,844
Male,72,1482
Male,72,782
Male,72,886
Male,72,789
Male,72,505
Male,72,224
Male,72,852
Male,72,191
Male,72,745
Male,72,291
Male,72,345
Male,72,363
Male,72,763
Male,72,291
Male,73,19121
Male,73,233
Male,73,1731
Male,73,826
Male,73,888
Male,73,994
Male,73,773
Male,73,421
Male,73,277
Male,73,193
Male,73,462
Male,73,707
Male,73,328
Male,73,387
Male,73,656
Male,73,642
Male,73,542
Male,73,759
Male,73,1432
Male,73,760
Male,73,893
Male,73,724
Male,73,509
Male,73,262
Male,73,852
Male,73,155
Male,73,699
Male,73,319
Male,73,345
Male,73,322
Male,73,755
Male,73,275
Male,74,18493
Male,74,246
Male,74,1710
Male,74,825
Male,74,854
Male,74,965
Male,74,728
Male,74,477
Male,74,289
Male,74,192
Male,74,468
Male,74,647
Male,74,328
Male,74,313
Male,74,654
Male,74,551
Male,74,540
Male,74,713
Male,74,1413
Male,74,758
Male,74,785
Male,74,700
Male,74,500
Male,74,223
Male,74,819
Male,74,141
Male,74,723
Male,74,318
Male,74,313
Male,74,308
Male,74,750
Male,74,242
Male,75,17473
Male,75,207
Male,75,1620
Male,75,793
Male,75,793
Male,75,825
Male,75,735
Male,75,392
Male,75,275
Male,75,164
Male,75,440
Male,75,621
Male,75,289
Male,75,290
Male,75,644
Male,75,576
Male,75,507
Male,75,752
Male,75,1317
Male,75,705
Male,75,738
Male,75,626
Male,75,546
Male,75,224
Male,75,731
Male,75,154
Male,75,683
Male,75,284
Male,75,270
Male,75,287
Male,75,732
Male,75,253
Male,76,16094
Male,76,201
Male,76,1476
Male,76,757
Male,76,781
Male,76,828
Male,76,653
Male,76,315
Male,76,251
Male,76,172
Male,76,415
Male,76,553
Male,76,272
Male,76,286
Male,76,563
Male,76,495
Male,76,478
Male,76,697
Male,76,1149
Male,76,686
Male,76,692
Male,76,627
Male,76,427
Male,76,228
Male,76,677
Male,76,140
Male,76,577
Male,76,297
Male,76,270
Male,76,254
Male,76,663
Male,76,214
Male,77,14601
Male,77,184
Male,77,1310
Male,77,716
Male,77,692
Male,77,717
Male,77,580
Male,77,360
Male,77,235
Male,77,136
Male,77,345
Male,77,524
Male,77,248
Male,77,290
Male,77,523
Male,77,473
Male,77,442
Male,77,629
Male,77,1101
Male,77,593
Male,77,609
Male,77,581
Male,77,413
Male,77,179
Male,77,597
Male,77,137
Male,77,512
Male,77,237
Male,77,234
Male,77,224
Male,77,594
Male,77,186
Male,78,13392
Male,78,156
Male,78,1265
Male,78,684
Male,78,616
Male,78,611
Male,78,506
Male,78,303
Male,78,218
Male,78,140
Male,78,389
Male,78,486
Male,78,208
Male,78,248
Male,78,509
Male,78,438
Male,78,416
Male,78,530
Male,78,971
Male,78,520
Male,78,584
Male,78,520
Male,78,350
Male,78,165
Male,78,567
Male,78,110
Male,78,483
Male,78,230
Male,78,218
Male,78,216
Male,78,553
Male,78,182
Male,79,12166
Male,79,168
Male,79,1220
Male,79,655
Male,79,566
Male,79,535
Male,79,469
Male,79,270
Male,79,178
Male,79,109
Male,79,291
Male,79,392
Male,79,213
Male,79,206
Male,79,445
Male,79,392
Male,79,314
Male,79,477
Male,79,851
Male,79,500
Male,79,559
Male,79,486
Male,79,349
Male,79,155
Male,79,499
Male,79,100
Male,79,428
Male,79,219
Male,79,222
Male,79,197
Male,79,502
Male,79,199
Male,80,10674
Male,80,116
Male,80,1034
Male,80,591
Male,80,478
Male,80,472
Male,80,373
Male,80,249
Male,80,155
Male,80,92
Male,80,272
Male,80,372
Male,80,158
Male,80,202
Male,80,435
Male,80,334
Male,80,295
Male,80,516
Male,80,790
Male,80,372
Male,80,431
Male,80,383
Male,80,321
Male,80,150
Male,80,499
Male,80,82
Male,80,407
Male,80,171
Male,80,176
Male,80,175
Male,80,456
Male,80,117
Male,81,9470
Male,81,117
Male,81,922
Male,81,528
Male,81,420
Male,81,434
Male,81,301
Male,81,229
Male,81,146
Male,81,92
Male,81,264
Male,81,326
Male,81,146
Male,81,187
Male,81,367
Male,81,273
Male,81,271
Male,81,421
Male,81,634
Male,81,395
Male,81,421
Male,81,355
Male,81,276
Male,81,105
Male,81,441
Male,81,70
Male,81,349
Male,81,151
Male,81,163
Male,81,167
Male,81,399
Male,81,100
Male,82,8779
Male,82,109
Male,82,919
Male,82,563
Male,82,410
Male,82,410
Male,82,274
Male,82,174
Male,82,121
Male,82,80
Male,82,223
Male,82,293
Male,82,159
Male,82,141
Male,82,312
Male,82,266
Male,82,239
Male,82,393
Male,82,622
Male,82,340
Male,82,380
Male,82,333
Male,82,246
Male,82,100
Male,82,395
Male,82,88
Male,82,289
Male,82,147
Male,82,138
Male,82,127
Male,82,365
Male,82,123
Male,83,7900
Male,83,101
Male,83,846
Male,83,462
Male,83,312
Male,83,343
Male,83,230
Male,83,173
Male,83,115
Male,83,68
Male,83,215
Male,83,264
Male,83,134
Male,83,146
Male,83,296
Male,83,249
Male,83,222
Male,83,332
Male,83,528
Male,83,270
Male,83,364
Male,83,304
Male,83,233
Male,83,117
Male,83,365
Male,83,73
Male,83,275
Male,83,150
Male,83,133
Male,83,136
Male,83,340
Male,83,104
Male,84,6765
Male,84,87
Male,84,739
Male,84,410
Male,84,277
Male,84,290
Male,84,218
Male,84,159
Male,84,106
Male,84,66
Male,84,194
Male,84,204
Male,84,105
Male,84,116
Male,84,254
Male,84,214
Male,84,187
Male,84,309
Male,84,461
Male,84,276
Male,84,278
Male,84,272
Male,84,167
Male,84,88
Male,84,297
Male,84,57
Male,84,232
Male,84,119
Male,84,110
Male,84,107
Male,84,272
Male,84,94
Male,85,6154
Male,85,64
Male,85,677
Male,85,367
Male,85,246
Male,85,250
Male,85,206
Male,85,126
Male,85,84
Male,85,65
Male,85,143
Male,85,200
Male,85,127
Male,85,130
Male,85,216
Male,85,178
Male,85,174
Male,85,252
Male,85,457
Male,85,244
Male,85,259
Male,85,243
Male,85,183
Male,85,81
Male,85,266
Male,85,53
Male,85,219
Male,85,109
Male,85,114
Male,85,108
Male,85,234
Male,85,79
Male,86,5370
Male,86,73
Male,86,574
Male,86,335
Male,86,207
Male,86,226
Male,86,153
Male,86,118
Male,86,81
Male,86,61
Male,86,125
Male,86,186
Male,86,94
Male,86,111
Male,86,183
Male,86,161
Male,86,158
Male,86,236
Male,86,412
Male,86,179
Male,86,235
Male,86,210
Male,86,168
Male,86,71
Male,86,235
Male,86,38
Male,86,204
Male,86,106
Male,86,92
Male,86,98
Male,86,168
Male,86,72
Male,87,4515
Male,87,57
Male,87,509
Male,87,288
Male,87,185
Male,87,203
Male,87,140
Male,87,107
Male,87,65
Male,87,37
Male,87,90
Male,87,142
Male,87,73
Male,87,99
Male,87,140
Male,87,116
Male,87,113
Male,87,219
Male,87,336
Male,87,164
Male,87,191
Male,87,161
Male,87,130
Male,87,52
Male,87,195
Male,87,50
Male,87,155
Male,87,92
Male,87,91
Male,87,75
Male,87,177
Male,87,63
Male,88,3771
Male,88,37
Male,88,444
Male,88,256
Male,88,105
Male,88,138
Male,88,101
Male,88,77
Male,88,52
Male,88,42
Male,88,101
Male,88,111
Male,88,72
Male,88,69
Male,88,153
Male,88,94
Male,88,114
Male,88,163
Male,88,263
Male,88,139
Male,88,148
Male,88,145
Male,88,108
Male,88,66
Male,88,176
Male,88,34
Male,88,154
Male,88,75
Male,88,68
Male,88,83
Male,88,131
Male,88,52
Male,89,3036
Male,89,32
Male,89,354
Male,89,194
Male,89,141
Male,89,131
Male,89,82
Male,89,73
Male,89,32
Male,89,31
Male,89,67
Male,89,81
Male,89,58
Male,89,53
Male,89,98
Male,89,113
Male,89,75
Male,89,133
Male,89,209
Male,89,87
Male,89,115
Male,89,141
Male,89,77
Male,89,42
Male,89,137
Male,89,17
Male,89,112
Male,89,49
Male,89,53
Male,89,55
Male,89,138
Male,89,56
Male,90,2444
Male,90,17
Male,90,271
Male,90,181
Male,90,85
Male,90,121
Male,90,72
Male,90,49
Male,90,26
Male,90,17
Male,90,57
Male,90,67
Male,90,44
Male,90,39
Male,90,78
Male,90,64
Male,90,68
Male,90,113
Male,90,193
Male,90,81
Male,90,93
Male,90,99
Male,90,78
Male,90,34
Male,90,111
Male,90,28
Male,90,99
Male,90,49
Male,90,45
Male,90,39
Male,90,94
Male,90,32
Male,91,1950
Male,91,27
Male,91,244
Male,91,128
Male,91,58
Male,91,91
Male,91,51
Male,91,45
Male,91,40
Male,91,11
Male,91,37
Male,91,56
Male,91,29
Male,91,36
Male,91,62
Male,91,61
Male,91,49
Male,91,95
Male,91,148
Male,91,76
Male,91,69
Male,91,80
Male,91,63
Male,91,34
Male,91,74
Male,91,21
Male,91,69
Male,91,40
Male,91,30
Male,91,36
Male,91,71
Male,91,19
Male,92,1297
Male,92,14
Male,92,169
Male,92,93
Male,92,42
Male,92,50
Male,92,41
Male,92,25
Male,92,17
Male,92,7
Male,92,34
Male,92,41
Male,92,25
Male,92,29
Male,92,45
Male,92,33
Male,92,28
Male,92,60
Male,92,93
Male,92,40
Male,92,47
Male,92,68
Male,92,33
Male,92,19
Male,92,59
Male,92,12
Male,92,44
Male,92,22
Male,92,16
Male,92,15
Male,92,54
Male,92,22
Male,93,937
Male,93,4
Male,93,125
Male,93,68
Male,93,38
Male,93,31
Male,93,33
Male,93,21
Male,93,17
Male,93,6
Male,93,25
Male,93,34
Male,93,9
Male,93,16
Male,93,34
Male,93,20
Male,93,20
Male,93,38
Male,93,64
Male,93,35
Male,93,34
Male,93,45
Male,93,25
Male,93,10
Male,93,38
Male,93,10
Male,93,29
Male,93,20
Male,93,16
Male,93,15
Male,93,41
Male,93,16
Male,94,718
Male,94,6
Male,94,98
Male,94,65
Male,94,24
Male,94,28
Male,94,25
Male,94,19
Male,94,8
Male,94,7
Male,94,11
Male,94,20
Male,94,20
Male,94,11
Male,94,22
Male,94,23
Male,94,14
Male,94,17
Male,94,43
Male,94,22
Male,94,24
Male,94,28
Male,94,17
Male,94,9
Male,94,39
Male,94,8
Male,94,28
Male,94,23
Male,94,12
Male,94,12
Male,94,26
Male,94,9
Male,95,482
Male,95,2
Male,95,71
Male,95,40
Male,95,14
Male,95,23
Male,95,14
Male,95,8
Male,95,5
Male,95,1
Male,95,11
Male,95,19
Male,95,8
Male,95,12
Male,95,15
Male,95,15
Male,95,13
Male,95,19
Male,95,37
Male,95,10
Male,95,18
Male,95,21
Male,95,4
Male,95,4
Male,95,29
Male,95,7
Male,95,12
Male,95,8
Male,95,5
Male,95,8
Male,95,28
Male,95,1
Male,96,327
Male,96,3
Male,96,58
Male,96,34
Male,96,16
Male,96,7
Male,96,8
Male,96,9
Male,96,1
Male,96,3
Male,96,5
Male,96,9
Male,96,8
Male,96,7
Male,96,9
Male,96,12
Male,96,12
Male,96,11
Male,96,18
Male,96,9
Male,96,14
Male,96,7
Male,96,7
Male,96,3
Male,96,7
Male,96,0
Male,96,10
Male,96,9
Male,96,7
Male,96,7
Male,96,14
Male,96,3
Male,97,217
Male,97,2
Male,97,28
Male,97,14
Male,97,11
Male,97,9
Male,97,7
Male,97,5
Male,97,2
Male,97,2
Male,97,5
Male,97,6
Male,97,3
Male,97,5
Male,97,6
Male,97,4
Male,97,11
Male,97,11
Male,97,16
Male,97,13
Male,97,9
Male,97,6
Male,97,5
Male,97,2
Male,97,8
Male,97,3
Male,97,10
Male,97,1
Male,97,4
Male,97,3
Male,97,6
Male,97,0
Male,98,130
Male,98,2
Male,98,24
Male,98,10
Male,98,3
Male,98,4
Male,98,3
Male,98,2
Male,98,4
Male,98,0
Male,98,3
Male,98,3
Male,98,1
Male,98,3
Male,98,4
Male,98,4
Male,98,3
Male,98,3
Male,98,7
Male,98,4
Male,98,9
Male,98,5
Male,98,4
Male,98,1
Male,98,5
Male,98,1
Male,98,9
Male,98,1
Male,98,1
Male,98,1
Male,98,4
Male,98,2
Male,99,105
Male,99,1
Male,99,15
Male,99,6
Male,99,2
Male,99,7
Male,99,1
Male,99,4
Male,99,0
Male,99,1
Male,99,1
Male,99,3
Male,99,0
Male,99,3
Male,99,6
Male,99,1
Male,99,3
Male,99,4
Male,99,8
Male,99,3
Male,99,6
Male,99,5
Male,99,4
Male,99,3
Male,99,6
Male,99,0
Male,99,2
Male,99,3
Male,99,2
Male,99,0
Male,99,5
Male,99,0
Male,100,154
Male,100,0
Male,100,20
Male,100,13
Male,100,4
Male,100,7
Male,100,6
Male,100,6
Male,100,0
Male,100,1
Male,100,5
Male,100,4
Male,100,1
Male,100,3
Male,100,2
Male,100,3
Male,100,3
Male,100,6
Male,100,11
Male,100,2
Male,100,7
Male,100,4
Male,100,4
Male,100,3
Male,100,16
Male,100,0
Male,100,6
Male,100,5
Male,100,3
Male,100,6
Male,100,2
Male,100,1
Female,0,28186
Female,0,353
Female,0,3025
Female,0,1188
Female,0,1950
Female,0,1689
Female,0,1455
Female,0,553
Female,0,545
Female,0,270
Female,0,848
Female,0,1368
Female,0,454
Female,0,535
Female,0,882
Female,0,800
Female,0,691
Female,0,1124
Female,0,2055
Female,0,843
Female,0,1049
Female,0,915
Female,0,662
Female,0,387
Female,0,1073
Female,0,204
Female,0,730
Female,0,366
Female,0,367
Female,0,501
Female,0,881
Female,0,423
Female,1,27545
Female,1,302
Female,1,2762
Female,1,1192
Female,1,1907
Female,1,1751
Female,1,1452
Female,1,545
Female,1,491
Female,1,238
Female,1,722
Female,1,1235
Female,1,446
Female,1,602
Female,1,878
Female,1,820
Female,1,704
Female,1,1136
Female,1,2045
Female,1,739
Female,1,1087
Female,1,872
Female,1,602
Female,1,395
Female,1,1082
Female,1,202
Female,1,790
Female,1,384
Female,1,383
Female,1,477
Female,1,918
Female,1,386
Female,2,28974
Female,2,334
Female,2,2795
Female,2,1238
Female,2,2112
Female,2,1867
Female,2,1559
Female,2,559
Female,2,564
Female,2,243
Female,2,793
Female,2,1388
Female,2,456
Female,2,532
Female,2,921
Female,2,890
Female,2,744
Female,2,1162
Female,2,2106
Female,2,803
Female,2,1130
Female,2,879
Female,2,665
Female,2,386
Female,2,1161
Female,2,229
Female,2,731
Female,2,428
Female,2,360
Female,2,520
Female,2,983
Female,2,436
Female,3,29483
Female,3,378
Female,3,2705
Female,3,1309
Female,3,2161
Female,3,1859
Female,3,1509
Female,3,597
Female,3,571
Female,3,300
Female,3,787
Female,3,1389
Female,3,478
Female,3,558
Female,3,903
Female,3,886
Female,3,745
Female,3,1106
Female,3,2177
Female,3,847
Female,3,1159
Female,3,1019
Female,3,721
Female,3,389
Female,3,1191
Female,3,192
Female,3,743
Female,3,418
Female,3,405
Female,3,525
Female,3,1044
Female,3,412
Female,4,29819
Female,4,369
Female,4,2755
Female,4,1278
Female,4,2147
Female,4,1868
Female,4,1563
Female,4,618
Female,4,577
Female,4,283
Female,4,814
Female,4,1448
Female,4,488
Female,4,609
Female,4,921
Female,4,887
Female,4,766
Female,4,1101
Female,4,2262
Female,4,844
Female,4,1227
Female,4,998
Female,4,634
Female,4,418
Female,4,1189
Female,4,227
Female,4,751
Female,4,406
Female,4,408
Female,4,492
Female,4,1047
Female,4,424
Female,5,31342
Female,5,365
Female,5,2782
Female,5,1426
Female,5,2252
Female,5,1946
Female,5,1604
Female,5,644
Female,5,607
Female,5,299
Female,5,896
Female,5,1520
Female,5,530
Female,5,617
Female,5,1000
Female,5,1013
Female,5,799
Female,5,1186
Female,5,2347
Female,5,935
Female,5,1190
Female,5,987
Female,5,728
Female,5,412
Female,5,1286
Female,5,218
Female,5,832
Female,5,442
Female,5,392
Female,5,544
Female,5,1095
Female,5,448
Female,6,32622
Female,6,367
Female,6,2879
Female,6,1394
Female,6,2361
Female,6,2057
Female,6,1722
Female,6,669
Female,6,630
Female,6,287
Female,6,935
Female,6,1628
Female,6,522
Female,6,668
Female,6,1058
Female,6,1026
Female,6,789
Female,6,1228
Female,6,2434
Female,6,903
Female,6,1317
Female,6,1079
Female,6,780
Female,6,406
Female,6,1361
Female,6,236
Female,6,847
Female,6,473
Female,6,401
Female,6,591
Female,6,1061
Female,6,513
Female,7,33572
Female,7,455
Female,7,2891
Female,7,1469
Female,7,2476
Female,7,2092
Female,7,1776
Female,7,756
Female,7,696
Female,7,345
Female,7,936
Female,7,1665
Female,7,618
Female,7,677
Female,7,1069
Female,7,1045
Female,7,805
Female,7,1195
Female,7,2605
Female,7,946
Female,7,1271
Female,7,1088
Female,7,841
Female,7,433
Female,7,1291
Female,7,239
Female,7,874
Female,7,504
Female,7,426
Female,7,555
Female,7,1075
Female,7,458
Female,8,34437
Female,8,404
Female,8,2991
Female,8,1468
Female,8,2608
Female,8,2183
Female,8,1773
Female,8,702
Female,8,723
Female,8,313
Female,8,1011
Female,8,1712
Female,8,578
Female,8,712
Female,8,1104
Female,8,1105
Female,8,801
Female,8,1246
Female,8,2625
Female,8,919
Female,8,1362
Female,8,1156
Female,8,820
Female,8,480
Female,8,1408
Female,8,255
Female,8,861
Female,8,470
Female,8,461
Female,8,615
Female,8,1095
Female,8,476
Female,9,35227
Female,9,435
Female,9,2930
Female,9,1550
Female,9,2625
Female,9,2224
Female,9,1893
Female,9,773
Female,9,655
Female,9,356
Female,9,1061
Female,9,1832
Female,9,600
Female,9,706
Female,9,1119
Female,9,1161
Female,9,873
Female,9,1271
Female,9,2699
Female,9,1000
Female,9,1363
Female,9,1140
Female,9,826
Female,9,465
Female,9,1345
Female,9,258
Female,9,908
Female,9,483
Female,9,448
Female,9,602
Female,9,1169
Female,9,457
Female,10,36066
Female,10,446
Female,10,3027
Female,10,1449
Female,10,2736
Female,10,2270
Female,10,1890
Female,10,771
Female,10,769
Female,10,361
Female,10,1029
Female,10,1800
Female,10,650
Female,10,690
Female,10,1107
Female,10,1139
Female,10,960
Female,10,1285
Female,10,2831
Female,10,1023
Female,10,1392
Female,10,1185
Female,10,871
Female,10,438
Female,10,1418
Female,10,257
Female,10,939
Female,10,484
Female,10,465
Female,10,661
Female,10,1233
Female,10,490
Female,11,36863
Female,11,450
Female,11,3003
Female,11,1484
Female,11,2660
Female,11,2350
Female,11,1954
Female,11,809
Female,11,729
Female,11,343
Female,11,1066
Female,11,1920
Female,11,608
Female,11,714
Female,11,1190
Female,11,1292
Female,11,913
Female,11,1302
Female,11,2873
Female,11,1074
Female,11,1487
Female,11,1163
Female,11,943
Female,11,480
Female,11,1487
Female,11,265
Female,11,960
Female,11,505
Female,11,459
Female,11,624
Female,11,1254
Female,11,502
Female,12,37297
Female,12,467
Female,12,3048
Female,12,1430
Female,12,2779
Female,12,2396
Female,12,1984
Female,12,775
Female,12,807
Female,12,350
Female,12,1113
Female,12,1912
Female,12,619
Female,12,714
Female,12,1228
Female,12,1264
Female,12,999
Female,12,1334
Female,12,2829
Female,12,1090
Female,12,1362
Female,12,1225
Female,12,949
Female,12,438
Female,12,1413
Female,12,276
Female,12,962
Female,12,539
Female,12,506
Female,12,672
Female,12,1292
Female,12,525
Female,13,36782
Female,13,459
Female,13,2975
Female,13,1432
Female,13,2655
Female,13,2304
Female,13,1909
Female,13,769
Female,13,745
Female,13,378
Female,13,1113
Female,13,1888
Female,13,662
Female,13,683
Female,13,1283
Female,13,1153
Female,13,914
Female,13,1302
Female,13,2897
Female,13,1087
Female,13,1435
Female,13,1246
Female,13,985
Female,13,468
Female,13,1471
Female,13,238
Female,13,919
Female,13,488
Female,13,503
Female,13,634
Female,13,1255
Female,13,532
Female,14,36080
Female,14,465
Female,14,2942
Female,14,1464
Female,14,2584
Female,14,2222
Female,14,1907
Female,14,692
Female,14,763
Female,14,352
Female,14,1072
Female,14,1853
Female,14,589
Female,14,689
Female,14,1200
Female,14,1238
Female,14,894
Female,14,1270
Female,14,2779
Female,14,1098
Female,14,1445
Female,14,1259
Female,14,896
Female,14,425
Female,14,1506
Female,14,230
Female,14,942
Female,14,473
Female,14,467
Female,14,621
Female,14,1281
Female,14,462
Female,15,34492
Female,15,411
Female,15,2729
Female,15,1383
Female,15,2420
Female,15,2126
Female,15,1817
Female,15,760
Female,15,727
Female,15,358
Female,15,1030
Female,15,1729
Female,15,597
Female,15,659
Female,15,1170
Female,15,1125
Female,15,907
Female,15,1228
Female,15,2629
Female,15,1036
Female,15,1335
Female,15,1178
Female,15,872
Female,15,433
Female,15,1394
Female,15,263
Female,15,911
Female,15,491
Female,15,442
Female,15,643
Female,15,1202
Female,15,487
Female,16,33168
Female,16,442
Female,16,2658
Female,16,1352
Female,16,2238
Female,16,1978
Female,16,1713
Female,16,673
Female,16,633
Female,16,327
Female,16,1019
Female,16,1570
Female,16,566
Female,16,635
Female,16,1108
Female,16,1054
Female,16,947
Female,16,1202
Female,16,2562
Female,16,1019
Female,16,1291
Female,16,1152
Female,16,866
Female,16,443
Female,16,1444
Female,16,229
Female,16,933
Female,16,511
Female,16,455
Female,16,550
Female,16,1149
Female,16,449
Female,17,33045
Female,17,414
Female,17,2734
Female,17,1398
Female,17,2195
Female,17,2034
Female,17,1734
Female,17,739
Female,17,718
Female,17,314
Female,17,1009
Female,17,1582
Female,17,524
Female,17,643
Female,17,1062
Female,17,1064
Female,17,890
Female,17,1222
Female,17,2431
Female,17,1046
Female,17,1224
Female,17,1216
Female,17,862
Female,17,416
Female,17,1329
Female,17,226
Female,17,885
Female,17,482
Female,17,452
Female,17,590
Female,17,1130
Female,17,480
Female,18,32852
Female,18,466
Female,18,3291
Female,18,1511
Female,18,2252
Female,18,1949
Female,18,1708
Female,18,699
Female,18,634
Female,18,272
Female,18,953
Female,18,1496
Female,18,584
Female,18,623
Female,18,1084
Female,18,1015
Female,18,830
Female,18,1288
Female,18,2343
Female,18,943
Female,18,1305
Female,18,1046
Female,18,817
Female,18,521
Female,18,1214
Female,18,220
Female,18,876
Female,18,412
Female,18,462
Female,18,533
Female,18,1110
Female,18,395
Female,19,31729
Female,19,381
Female,19,3676
Female,19,1659
Female,19,2191
Female,19,1911
Female,19,1746
Female,19,563
Female,19,537
Female,19,276
Female,19,876
Female,19,1385
Female,19,473
Female,19,532
Female,19,872
Female,19,900
Female,19,821
Female,19,1731
Female,19,1971
Female,19,798
Female,19,1422
Female,19,846
Female,19,767
Female,19,1006
Female,19,1039
Female,19,167
Female,19,684
Female,19,355
Female,19,503
Female,19,436
Female,19,883
Female,19,322
Female,20,31624
Female,20,366
Female,20,4326
Female,20,1742
Female,20,2073
Female,20,1796
Female,20,1589
Female,20,529
Female,20,510
Female,20,246
Female,20,880
Female,20,1276
Female,20,487
Female,20,543
Female,20,832
Female,20,808
Female,20,739
Female,20,1889
Female,20,1783
Female,20,823
Female,20,1504
Female,20,853
Female,20,770
Female,20,1142
Female,20,974
Female,20,159
Female,20,658
Female,20,321
Female,20,450
Female,20,388
Female,20,864
Female,20,304
Female,21,29890
Female,21,381
Female,21,4237
Female,21,1605
Female,21,1833
Female,21,1783
Female,21,1463
Female,21,471
Female,21,491
Female,21,233
Female,21,814
Female,21,1216
Female,21,416
Female,21,525
Female,21,781
Female,21,744
Female,21,697
Female,21,1851
Female,21,1700
Female,21,762
Female,21,1314
Female,21,816
Female,21,709
Female,21,1161
Female,21,840
Female,21,131
Female,21,634
Female,21,345
Female,21,409
Female,21,390
Female,21,821
Female,21,317
Female,22,30768
Female,22,361
Female,22,4719
Female,22,1635
Female,22,1844
Female,22,1851
Female,22,1380
Female,22,438
Female,22,477
Female,22,257
Female,22,866
Female,22,1116
Female,22,413
Female,22,568
Female,22,888
Female,22,789
Female,22,728
Female,22,1835
Female,22,1720
Female,22,766
Female,22,1473
Female,22,873
Female,22,720
Female,22,1069
Female,22,848
Female,22,152
Female,22,670
Female,22,318
Female,22,404
Female,22,414
Female,22,861
Female,22,315
Female,23,30051
Female,23,344
Female,23,5142
Female,23,1681
Female,23,1807
Female,23,1884
Female,23,1391
Female,23,471
Female,23,458
Female,23,232
Female,23,767
Female,23,1063
Female,23,441
Female,23,468
Female,23,868
Female,23,724
Female,23,649
Female,23,1779
Female,23,1603
Female,23,763
Female,23,1246
Female,23,830
Female,23,722
Female,23,927
Female,23,819
Female,23,152
Female,23,623
Female,23,307
Female,23,387
Female,23,439
Female,23,762
Female,23,302
Female,24,29364
Female,24,329
Female,24,5455
Female,24,1661
Female,24,1774
Female,24,1795
Female,24,1335
Female,24,510
Female,24,434
Female,24,207
Female,24,732
Female,24,1083
Female,24,450
Female,24,510
Female,24,758
Female,24,683
Female,24,606
Female,24,1730
Female,24,1559
Female,24,732
Female,24,1190
Female,24,867
Female,24,638
Female,24,872
Female,24,752
Female,24,125
Female,24,515
Female,24,276
Female,24,364
Female,24,398
Female,24,736
Female,24,288
Female,25,29294
Female,25,295
Female,25,5667
Female,25,1578
Female,25,1796
Female,25,1873
Female,25,1307
Female,25,463
Female,25,414
Female,25,231
Female,25,665
Female,25,969
Female,25,430
Female,25,524
Female,25,744
Female,25,658
Female,25,631
Female,25,1733
Female,25,1502
Female,25,725
Female,25,1280
Female,25,778
Female,25,613
Female,25,863
Female,25,818
Female,25,144
Female,25,538
Female,25,300
Female,25,351
Female,25,403
Female,25,719
Female,25,282
Female,26,28864
Female,26,333
Female,26,5932
Female,26,1528
Female,26,1740
Female,26,1681
Female,26,1208
Female,26,494
Female,26,433
Female,26,237
Female,26,663
Female,26,999
Female,26,381
Female,26,511
Female,26,777
Female,26,713
Female,26,593
Female,26,1633
Female,26,1562
Female,26,657
Female,26,1293
Female,26,762
Female,26,623
Female,26,751
Female,26,707
Female,26,126
Female,26,549
Female,26,264
Female,26,313
Female,26,375
Female,26,735
Female,26,291
Female,27,29528
Female,27,309
Female,27,5976
Female,27,1518
Female,27,1832
Female,27,1793
Female,27,1291
Female,27,502
Female,27,415
Female,27,232
Female,27,765
Female,27,1045
Female,27,405
Female,27,524
Female,27,839
Female,27,718
Female,27,587
Female,27,1759
Female,27,1519
Female,27,698
Female,27,1238
Female,27,772
Female,27,665
Female,27,705
Female,27,733
Female,27,138
Female,27,559
Female,27,293
Female,27,294
Female,27,370
Female,27,747
Female,27,287
Female,28,29788
Female,28,329
Female,28,6089
Female,28,1457
Female,28,1825
Female,28,1805
Female,28,1332
Female,28,536
Female,28,430
Female,28,218
Female,28,759
Female,28,1075
Female,28,425
Female,28,501
Female,28,797
Female,28,736
Female,28,607
Female,28,1749
Female,28,1552
Female,28,679
Female,28,1220
Female,28,767
Female,28,655
Female,28,754
Female,28,770
Female,28,148
Female,28,582
Female,28,283
Female,28,305
Female,28,363
Female,28,761
Female,28,279
Female,29,30936
Female,29,360
Female,29,6030
Female,29,1466
Female,29,1973
Female,29,1850
Female,29,1386
Female,29,559
Female,29,453
Female,29,256
Female,29,797
Female,29,1078
Female,29,431
Female,29,540
Female,29,869
Female,29,803
Female,29,583
Female,29,1750
Female,29,1639
Female,29,737
Female,29,1260
Female,29,797
Female,29,698
Female,29,731
Female,29,865
Female,29,145
Female,29,658
Female,29,315
Female,29,380
Female,29,401
Female,29,782
Female,29,344
Female,30,32841
Female,30,338
Female,30,6178
Female,30,1601
Female,30,2088
Female,30,2002
Female,30,1488
Female,30,552
Female,30,517
Female,30,287
Female,30,801
Female,30,1256
Female,30,493
Female,30,575
Female,30,940
Female,30,837
Female,30,627
Female,30,1734
Female,30,1873
Female,30,799
Female,30,1265
Female,30,917
Female,30,715
Female,30,725
Female,30,990
Female,30,172
Female,30,696
Female,30,360
Female,30,334
Female,30,425
Female,30,906
Female,30,350
Female,31,33710
Female,31,390
Female,31,6079
Female,31,1555
Female,31,2180
Female,31,2065
Female,31,1594
Female,31,614
Female,31,512
Female,31,252
Female,31,880
Female,31,1331
Female,31,482
Female,31,590
Female,31,914
Female,31,890
Female,31,708
Female,31,1814
Female,31,1970
Female,31,813
Female,31,1317
Female,31,908
Female,31,749
Female,31,705
Female,31,972
Female,31,211
Female,31,737
Female,31,385
Female,31,361
Female,31,457
Female,31,892
Female,31,383
Female,32,34382
Female,32,384
Female,32,5964
Female,32,1649
Female,32,2240
Female,32,2161
Female,32,1551
Female,32,572
Female,32,530
Female,32,271
Female,32,873
Female,32,1427
Female,32,476
Female,32,633
Female,32,976
Female,32,875
Female,32,688
Female,32,1837
Female,32,2050
Female,32,843
Female,32,1356
Female,32,947
Female,32,779
Female,32,699
Female,32,1047
Female,32,217
Female,32,763
Female,32,355
Female,32,381
Female,32,530
Female,32,936
Female,32,372
Female,33,34489
Female,33,384
Female,33,5700
Female,33,1581
Female,33,2439
Female,33,2184
Female,33,1665
Female,33,568
Female,33,583
Female,33,288
Female,33,922
Female,33,1402
Female,33,490
Female,33,607
Female,33,1009
Female,33,943
Female,33,695
Female,33,1705
Female,33,2023
Female,33,919
Female,33,1313
Female,33,945
Female,33,776
Female,33,628
Female,33,1100
Female,33,206
Female,33,758
Female,33,373
Female,33,432
Female,33,489
Female,33,961
Female,33,401
Female,34,36284
Female,34,414
Female,34,5545
Female,34,1556
Female,34,2599
Female,34,2330
Female,34,1780
Female,34,636
Female,34,631
Female,34,337
Female,34,941
Female,34,1556
Female,34,532
Female,34,663
Female,34,1058
Female,34,981
Female,34,741
Female,34,1774
Female,34,2216
Female,34,907
Female,34,1424
Female,34,1024
Female,34,846
Female,34,721
Female,34,1177
Female,34,217
Female,34,856
Female,34,399
Female,34,416
Female,34,513
Female,34,1077
Female,34,417
Female,35,37940
Female,35,446
Female,35,5444
Female,35,1548
Female,35,2691
Female,35,2409
Female,35,1864
Female,35,741
Female,35,698
Female,35,317
Female,35,1044
Female,35,1652
Female,35,528
Female,35,731
Female,35,1152
Female,35,1060
Female,35,787
Female,35,1780
Female,35,2430
Female,35,1002
Female,35,1468
Female,35,1175
Female,35,938
Female,35,667
Female,35,1292
Female,35,227
Female,35,871
Female,35,476
Female,35,441
Female,35,560
Female,35,1057
Female,35,444
Female,36,39030
Female,36,438
Female,36,5218
Female,36,1677
Female,36,2843
Female,36,2539
Female,36,2015
Female,36,717
Female,36,717
Female,36,347
Female,36,1034
Female,36,1723
Female,36,581
Female,36,780
Female,36,1122
Female,36,1153
Female,36,828
Female,36,1760
Female,36,2584
Female,36,1032
Female,36,1593
Female,36,1135
Female,36,905
Female,36,707
Female,36,1301
Female,36,240
Female,36,909
Female,36,459
Female,36,491
Female,36,602
Female,36,1107
Female,36,473
Female,37,39193
Female,37,457
Female,37,4902
Female,37,1694
Female,37,2808
Female,37,2541
Female,37,2009
Female,37,708
Female,37,737
Female,37,345
Female,37,1044
Female,37,1731
Female,37,598
Female,37,719
Female,37,1175
Female,37,1191
Female,37,923
Female,37,1872
Female,37,2611
Female,37,1122
Female,37,1555
Female,37,1140
Female,37,889
Female,37,657
Female,37,1354
Female,37,234
Female,37,973
Female,37,518
Female,37,515
Female,37,604
Female,37,1115
Female,37,452
Female,38,40902
Female,38,483
Female,38,5053
Female,38,1801
Female,38,2926
Female,38,2511
Female,38,2114
Female,38,803
Female,38,820
Female,38,378
Female,38,1127
Female,38,1852
Female,38,611
Female,38,794
Female,38,1239
Female,38,1277
Female,38,955
Female,38,1737
Female,38,2723
Female,38,1220
Female,38,1594
Female,38,1194
Female,38,954
Female,38,707
Female,38,1485
Female,38,252
Female,38,963
Female,38,513
Female,38,523
Female,38,684
Female,38,1119
Female,38,490
Female,39,42592
Female,39,553
Female,39,4939
Female,39,1878
Female,39,3147
Female,39,2797
Female,39,2246
Female,39,832
Female,39,839
Female,39,388
Female,39,1092
Female,39,1858
Female,39,668
Female,39,757
Female,39,1230
Female,39,1336
Female,39,945
Female,39,1858
Female,39,3007
Female,39,1229
Female,39,1690
Female,39,1300
Female,39,977
Female,39,747
Female,39,1534
Female,39,253
Female,39,1033
Female,39,509
Female,39,514
Female,39,656
Female,39,1237
Female,39,543
Female,40,43143
Female,40,487
Female,40,4809
Female,40,1910
Female,40,3131
Female,40,2822
Female,40,2276
Female,40,776
Female,40,814
Female,40,409
Female,40,1170
Female,40,1927
Female,40,706
Female,40,781
Female,40,1347
Female,40,1400
Female,40,999
Female,40,1879
Female,40,3058
Female,40,1239
Female,40,1657
Female,40,1297
Female,40,978
Female,40,687
Female,40,1652
Female,40,271
Female,40,1126
Female,40,556
Female,40,538
Female,40,630
Female,40,1293
Female,40,518
Female,41,43696
Female,41,537
Female,41,4926
Female,41,1944
Female,41,3200
Female,41,2792
Female,41,2267
Female,41,883
Female,41,830
Female,41,367
Female,41,1210
Female,41,1968
Female,41,690
Female,41,802
Female,41,1320
Female,41,1385
Female,41,1057
Female,41,1834
Female,41,3058
Female,41,1252
Female,41,1699
Female,41,1333
Female,41,1039
Female,41,680
Female,41,1596
Female,41,264
Female,41,1119
Female,41,554
Female,41,546
Female,41,702
Female,41,1319
Female,41,523
Female,42,43337
Female,42,517
Female,42,4621
Female,42,1878
Female,42,3281
Female,42,2802
Female,42,2218
Female,42,824
Female,42,822
Female,42,438
Female,42,1189
Female,42,1996
Female,42,708
Female,42,761
Female,42,1407
Female,42,1438
Female,42,1060
Female,42,1688
Female,42,3210
Female,42,1259
Female,42,1675
Female,42,1327
Female,42,1072
Female,42,723
Female,42,1597
Female,42,289
Female,42,1014
Female,42,541
Female,42,548
Female,42,656
Female,42,1288
Female,42,490
Female,43,41408
Female,43,463
Female,43,4393
Female,43,1812
Female,43,3065
Female,43,2720
Female,43,2155
Female,43,813
Female,43,733
Female,43,360
Female,43,1125
Female,43,2000
Female,43,664
Female,43,789
Female,43,1326
Female,43,1308
Female,43,989
Female,43,1649
Female,43,3056
Female,43,1242
Female,43,1609
Female,43,1250
Female,43,975
Female,43,621
Female,43,1559
Female,43,280
Female,43,1000
Female,43,535
Female,43,557
Female,43,611
Female,43,1241
Female,43,508
Female,44,39379
Female,44,459
Female,44,4160
Female,44,1680
Female,44,2976
Female,44,2293
Female,44,2017
Female,44,797
Female,44,755
Female,44,340
Female,44,1107
Female,44,1866
Female,44,623
Female,44,715
Female,44,1201
Female,44,1291
Female,44,987
Female,44,1568
Female,44,2889
Female,44,1170
Female,44,1551
Female,44,1210
Female,44,1010
Female,44,600
Female,44,1578
Female,44,254
Female,44,956
Female,44,503
Female,44,475
Female,44,630
Female,44,1245
Female,44,473
Female,45,38506
Female,45,498
Female,45,3898
Female,45,1609
Female,45,2862
Female,45,2282
Female,45,2007
Female,45,781
Female,45,701
Female,45,391
Female,45,1063
Female,45,1805
Female,45,596
Female,45,676
Female,45,1255
Female,45,1223
Female,45,940
Female,45,1583
Female,45,2853
Female,45,1117
Female,45,1493
Female,45,1206
Female,45,998
Female,45,631
Female,45,1576
Female,45,239
Female,45,946
Female,45,470
Female,45,508
Female,45,587
Female,45,1235
Female,45,477
Female,46,38127
Female,46,486
Female,46,3846
Female,46,1606
Female,46,2771
Female,46,2301
Female,46,1989
Female,46,813
Female,46,711
Female,46,334
Female,46,1062
Female,46,1824
Female,46,603
Female,46,661
Female,46,1152
Female,46,1237
Female,46,1050
Female,46,1515
Female,46,2841
Female,46,1184
Female,46,1482
Female,46,1152
Female,46,921
Female,46,633
Female,46,1494
Female,46,246
Female,46,976
Female,46,519
Female,46,506
Female,46,565
Female,46,1189
Female,46,458
Female,47,37471
Female,47,418
Female,47,3607
Female,47,1627
Female,47,2769
Female,47,2142
Female,47,1924
Female,47,802
Female,47,655
Female,47,326
Female,47,1045
Female,47,1786
Female,47,602
Female,47,742
Female,47,1219
Female,47,1250
Female,47,913
Female,47,1468
Female,47,2850
Female,47,1145
Female,47,1468
Female,47,1242
Female,47,944
Female,47,572
Female,47,1484
Female,47,249
Female,47,945
Female,47,502
Female,47,515
Female,47,570
Female,47,1203
Female,47,487
Female,48,37145
Female,48,430
Female,48,3737
Female,48,1623
Female,48,2696
Female,48,2159
Female,48,1949
Female,48,765
Female,48,703
Female,48,319
Female,48,1052
Female,48,1734
Female,48,608
Female,48,736
Female,48,1154
Female,48,1225
Female,48,962
Female,48,1417
Female,48,2756
Female,48,1090
Female,48,1448
Female,48,1225
Female,48,913
Female,48,555
Female,48,1484
Female,48,256
Female,48,958
Female,48,484
Female,48,479
Female,48,599
Female,48,1203
Female,48,426
Female,49,37081
Female,49,493
Female,49,3703
Female,49,1604
Female,49,2585
Female,49,2123
Female,49,1993
Female,49,798
Female,49,658
Female,49,322
Female,49,1059
Female,49,1699
Female,49,573
Female,49,657
Female,49,1229
Female,49,1215
Female,49,982
Female,49,1376
Female,49,2769
Female,49,1184
Female,49,1449
Female,49,1263
Female,49,917
Female,49,529
Female,49,1504
Female,49,254
Female,49,967
Female,49,455
Female,49,533
Female,49,538
Female,49,1210
Female,49,440
Female,50,36199
Female,50,454
Female,50,3721
Female,50,1607
Female,50,2470
Female,50,1969
Female,50,1867
Female,50,777
Female,50,647
Female,50,312
Female,50,1043
Female,50,1710
Female,50,589
Female,50,656
Female,50,1244
Female,50,1179
Female,50,1033
Female,50,1470
Female,50,2655
Female,50,1097
Female,50,1371
Female,50,1174
Female,50,885
Female,50,506
Female,50,1434
Female,50,240
Female,50,922
Female,50,502
Female,50,487
Female,50,556
Female,50,1204
Female,50,418
Female,51,35025
Female,51,436
Female,51,3584
Female,51,1513
Female,51,2314
Female,51,1940
Female,51,1718
Female,51,738
Female,51,634
Female,51,330
Female,51,1003
Female,51,1595
Female,51,593
Female,51,667
Female,51,1160
Female,51,1165
Female,51,911
Female,51,1388
Female,51,2582
Female,51,1075
Female,51,1390
Female,51,1177
Female,51,909
Female,51,499
Female,51,1439
Female,51,260
Female,51,933
Female,51,461
Female,51,440
Female,51,580
Female,51,1172
Female,51,419
Female,52,34414
Female,52,403
Female,52,3663
Female,52,1524
Female,52,2147
Female,52,1843
Female,52,1676
Female,52,667
Female,52,612
Female,52,305
Female,52,991
Female,52,1510
Female,52,545
Female,52,656
Female,52,1156
Female,52,1150
Female,52,976
Female,52,1392
Female,52,2516
Female,52,1158
Female,52,1381
Female,52,1129
Female,52,871
Female,52,452
Female,52,1369
Female,52,259
Female,52,996
Female,52,478
Female,52,479
Female,52,553
Female,52,1157
Female,52,400
Female,53,32204
Female,53,385
Female,53,3291
Female,53,1494
Female,53,2016
Female,53,1730
Female,53,1606
Female,53,719
Female,53,544
Female,53,304
Female,53,920
Female,53,1415
Female,53,521
Female,53,627
Female,53,1086
Female,53,1031
Female,53,870
Female,53,1262
Female,53,2381
Female,53,1068
Female,53,1206
Female,53,1064
Female,53,815
Female,53,479
Female,53,1284
Female,53,234
Female,53,968
Female,53,441
Female,53,424
Female,53,491
Female,53,1143
Female,53,385
Female,54,32168
Female,54,382
Female,54,3363
Female,54,1497
Female,54,1936
Female,54,1685
Female,54,1552
Female,54,671
Female,54,545
Female,54,287
Female,54,919
Female,54,1399
Female,54,522
Female,54,618
Female,54,1107
Female,54,1003
Female,54,920
Female,54,1301
Female,54,2383
Female,54,1053
Female,54,1253
Female,54,1129
Female,54,805
Female,54,453
Female,54,1286
Female,54,246
Female,54,870
Female,54,441
Female,54,448
Female,54,515
Female,54,1165
Female,54,414
Female,55,31563
Female,55,392
Female,55,3133
Female,55,1549
Female,55,1855
Female,55,1632
Female,55,1529
Female,55,679
Female,55,548
Female,55,315
Female,55,833
Female,55,1335
Female,55,519
Female,55,608
Female,55,1147
Female,55,1033
Female,55,891
Female,55,1271
Female,55,2229
Female,55,1045
Female,55,1210
Female,55,1139
Female,55,814
Female,55,471
Female,55,1234
Female,55,233
Female,55,938
Female,55,474
Female,55,461
Female,55,511
Female,55,1133
Female,55,402
Female,56,31279
Female,56,418
Female,56,3208
Female,56,1442
Female,56,1805
Female,56,1548
Female,56,1483
Female,56,674
Female,56,539
Female,56,256
Female,56,875
Female,56,1267
Female,56,530
Female,56,588
Female,56,1081
Female,56,1017
Female,56,911
Female,56,1334
Female,56,2345
Female,56,1096
Female,56,1218
Female,56,1053
Female,56,821
Female,56,445
Female,56,1210
Female,56,233
Female,56,970
Female,56,452
Female,56,473
Female,56,488
Female,56,1136
Female,56,363
Female,57,31764
Female,57,385
Female,57,3273
Female,57,1500
Female,57,1773
Female,57,1755
Female,57,1470
Female,57,709
Female,57,532
Female,57,263
Female,57,831
Female,57,1291
Female,57,528
Female,57,646
Female,57,1178
Female,57,1073
Female,57,824
Female,57,1366
Female,57,2305
Female,57,1085
Female,57,1295
Female,57,1076
Female,57,844
Female,57,444
Female,57,1244
Female,57,231
Female,57,948
Female,57,432
Female,57,448
Female,57,476
Female,57,1131
Female,57,408
Female,58,30660
Female,58,368
Female,58,3196
Female,58,1478
Female,58,1705
Female,58,1644
Female,58,1407
Female,58,642
Female,58,541
Female,58,232
Female,58,802
Female,58,1242
Female,58,500
Female,58,586
Female,58,1096
Female,58,993
Female,58,848
Female,58,1369
Female,58,2176
Female,58,1013
Female,58,1225
Female,58,1114
Female,58,819
Female,58,411
Female,58,1193
Female,58,241
Female,58,932
Female,58,462
Female,58,480
Female,58,496
Female,58,1055
Female,58,394
Female,59,30000
Female,59,360
Female,59,3205
Female,59,1499
Female,59,1669
Female,59,1587
Female,59,1320
Female,59,672
Female,59,466
Female,59,272
Female,59,808
Female,59,1139
Female,59,467
Female,59,574
Female,59,1067
Female,59,970
Female,59,823
Female,59,1354
Female,59,2109
Female,59,1023
Female,59,1223
Female,59,1074
Female,59,818
Female,59,424
Female,59,1175
Female,59,214
Female,59,881
Female,59,453
Female,59,454
Female,59,480
Female,59,1019
Female,59,401
Female,60,29063
Female,60,317
Female,60,3065
Female,60,1404
Female,60,1591
Female,60,1547
Female,60,1235
Female,60,643
Female,60,459
Female,60,259
Female,60,727
Female,60,1121
Female,60,519
Female,60,522
Female,60,1035
Female,60,989
Female,60,757
Female,60,1327
Female,60,1978
Female,60,1055
Female,60,1206
Female,60,1055
Female,60,810
Female,60,384
Female,60,1111
Female,60,188
Female,60,927
Female,60,461
Female,60,433
Female,60,468
Female,60,1092
Female,60,378
Female,61,28856
Female,61,350
Female,61,2975
Female,61,1344
Female,61,1600
Female,61,1542
Female,61,1257
Female,61,661
Female,61,509
Female,61,261
Female,61,788
Female,61,1085
Female,61,483
Female,61,548
Female,61,1085
Female,61,918
Female,61,737
Female,61,1310
Female,61,2073
Female,61,990
Female,61,1139
Female,61,1030
Female,61,757
Female,61,420
Female,61,1175
Female,61,214
Female,61,859
Female,61,437
Female,61,469
Female,61,461
Female,61,996
Female,61,383
Female,62,27899
Female,62,380
Female,62,2866
Female,62,1282
Female,62,1540
Female,62,1559
Female,62,1156
Female,62,638
Female,62,444
Female,62,233
Female,62,706
Female,62,1065
Female,62,489
Female,62,517
Female,62,974
Female,62,873
Female,62,738
Female,62,1244
Female,62,1916
Female,62,974
Female,62,1196
Female,62,987
Female,62,735
Female,62,406
Female,62,1086
Female,62,200
Female,62,923
Female,62,439
Female,62,508
Female,62,445
Female,62,1033
Female,62,347
Female,63,26312
Female,63,316
Female,63,2642
Female,63,1260
Female,63,1423
Female,63,1452
Female,63,1121
Female,63,568
Female,63,432
Female,63,237
Female,63,659
Female,63,980
Female,63,443
Female,63,486
Female,63,918
Female,63,811
Female,63,794
Female,63,1167
Female,63,1861
Female,63,989
Female,63,1046
Female,63,930
Female,63,694
Female,63,380
Female,63,1056
Female,63,211
Female,63,872
Female,63,415
Female,63,396
Female,63,406
Female,63,982
Female,63,365
Female,64,26109
Female,64,323
Female,64,2624
Female,64,1212
Female,64,1310
Female,64,1445
Female,64,1084
Female,64,558
Female,64,419
Female,64,230
Female,64,658
Female,64,937
Female,64,405
Female,64,498
Female,64,919
Female,64,842
Female,64,719
Female,64,1147
Female,64,1828
Female,64,1011
Female,64,1109
Female,64,974
Female,64,692
Female,64,373
Female,64,1075
Female,64,211
Female,64,934
Female,64,454
Female,64,438
Female,64,412
Female,64,916
Female,64,352
Female,65,25183
Female,65,306
Female,65,2545
Female,65,1226
Female,65,1309
Female,65,1450
Female,65,1040
Female,65,543
Female,65,419
Female,65,261
Female,65,678
Female,65,916
Female,65,400
Female,65,488
Female,65,841
Female,65,784
Female,65,650
Female,65,1064
Female,65,1718
Female,65,926
Female,65,1089
Female,65,915
Female,65,641
Female,65,383
Female,65,1039
Female,65,222
Female,65,856
Female,65,404
Female,65,433
Female,65,406
Female,65,881
Female,65,350
Female,66,24662
Female,66,286
Female,66,2490
Female,66,1166
Female,66,1300
Female,66,1435
Female,66,1065
Female,66,492
Female,66,389
Female,66,220
Female,66,605
Female,66,872
Female,66,436
Female,66,463
Female,66,844
Female,66,794
Female,66,704
Female,66,1045
Female,66,1762
Female,66,890
Female,66,1049
Female,66,886
Female,66,652
Female,66,341
Female,66,1025
Female,66,182
Female,66,854
Female,66,411
Female,66,406
Female,66,424
Female,66,881
Female,66,293
Female,67,24524
Female,67,291
Female,67,2399
Female,67,1158
Female,67,1237
Female,67,1403
Female,67,1098
Female,67,524
Female,67,380
Female,67,213
Female,67,606
Female,67,946
Female,67,389
Female,67,474
Female,67,847
Female,67,778
Female,67,689
Female,67,952
Female,67,1783
Female,67,944
Female,67,1043
Female,67,896
Female,67,656
Female,67,329
Female,67,999
Female,67,228
Female,67,864
Female,67,414
Female,67,386
Female,67,374
Female,67,911
Female,67,313
Female,68,23018
Female,68,274
Female,68,2139
Female,68,1112
Female,68,1213
Female,68,1350
Female,68,952
Female,68,495
Female,68,381
Female,68,205
Female,68,578
Female,68,824
Female,68,399
Female,68,438
Female,68,857
Female,68,675
Female,68,648
Female,68,944
Female,68,1691
Female,68,864
Female,68,931
Female,68,823
Female,68,585
Female,68,366
Female,68,925
Female,68,202
Female,68,799
Female,68,393
Female,68,409
Female,68,393
Female,68,844
Female,68,309
Female,69,23375
Female,69,311
Female,69,2244
Female,69,1100
Female,69,1193
Female,69,1416
Female,69,983
Female,69,523
Female,69,377
Female,69,221
Female,69,569
Female,69,836
Female,69,354
Female,69,448
Female,69,810
Female,69,722
Female,69,616
Female,69,983
Female,69,1724
Female,69,928
Female,69,1007
Female,69,848
Female,69,616
Female,69,354
Female,69,941
Female,69,202
Female,69,771
Female,69,352
Female,69,403
Female,69,364
Female,69,863
Female,69,296
Female,70,21897
Female,70,245
Female,70,2175
Female,70,1052
Female,70,1140
Female,70,1327
Female,70,866
Female,70,491
Female,70,369
Female,70,189
Female,70,544
Female,70,766
Female,70,366
Female,70,374
Female,70,740
Female,70,676
Female,70,626
Female,70,901
Female,70,1560
Female,70,811
Female,70,964
Female,70,832
Female,70,578
Female,70,291
Female,70,900
Female,70,179
Female,70,771
Female,70,361
Female,70,357
Female,70,330
Female,70,803
Female,70,313
Female,71,21236
Female,71,259
Female,71,2042
Female,71,1016
Female,71,1008
Female,71,1307
Female,71,858
Female,71,426
Female,71,305
Female,71,191
Female,71,542
Female,71,792
Female,71,353
Female,71,361
Female,71,717
Female,71,640
Female,71,595
Female,71,909
Female,71,1568
Female,71,814
Female,71,941
Female,71,751
Female,71,553
Female,71,302
Female,71,907
Female,71,173
Female,71,777
Female,71,321
Female,71,349
Female,71,340
Female,71,854
Female,71,265
Female,72,21159
Female,72,278
Female,72,2032
Female,72,1076
Female,72,1107
Female,72,1251
Female,72,881
Female,72,449
Female,72,296
Female,72,217
Female,72,527
Female,72,735
Female,72,376
Female,72,374
Female,72,751
Female,72,678
Female,72,636
Female,72,874
Female,72,1449
Female,72,787
Female,72,924
Female,72,741
Female,72,571
Female,72,297
Female,72,821
Female,72,175
Female,72,762
Female,72,378
Female,72,341
Female,72,326
Female,72,755
Female,72,294
Female,73,20134
Female,73,228
Female,73,2057
Female,73,970
Female,73,1053
Female,73,1145
Female,73,811
Female,73,410
Female,73,281
Female,73,182
Female,73,518
Female,73,753
Female,73,332
Female,73,356
Female,73,747
Female,73,642
Female,73,571
Female,73,842
Female,73,1491
Female,73,769
Female,73,829
Female,73,755
Female,73,559
Female,73,285
Female,73,787
Female,73,140
Female,73,666
Female,73,298
Female,73,322
Female,73,307
Female,73,767
Female,73,261
Female,74,19177
Female,74,229
Female,74,1922
Female,74,989
Female,74,967
Female,74,1008
Female,74,766
Female,74,383
Female,74,278
Female,74,179
Female,74,538
Female,74,682
Female,74,309
Female,74,373
Female,74,649
Female,74,575
Female,74,536
Female,74,859
Female,74,1357
Female,74,723
Female,74,873
Female,74,759
Female,74,500
Female,74,279
Female,74,751
Female,74,172
Female,74,626
Female,74,307
Female,74,329
Female,74,288
Female,74,715
Female,74,256
Female,75,18294
Female,75,197
Female,75,1789
Female,75,1043
Female,75,939
Female,75,978
Female,75,721
Female,75,377
Female,75,304
Female,75,180
Female,75,476
Female,75,629
Female,75,317
Female,75,344
Female,75,636
Female,75,538
Female,75,551
Female,75,766
Female,75,1303
Female,75,713
Female,75,810
Female,75,671
Female,75,513
Female,75,255
Female,75,712
Female,75,133
Female,75,588
Female,75,289
Female,75,313
Female,75,295
Female,75,675
Female,75,239
Female,76,17665
Female,76,211
Female,76,1719
Female,76,946
Female,76,879
Female,76,908
Female,76,592
Female,76,410
Female,76,288
Female,76,187
Female,76,506
Female,76,621
Female,76,290
Female,76,300
Female,76,625
Female,76,552
Female,76,498
Female,76,786
Female,76,1297
Female,76,665
Female,76,770
Female,76,674
Female,76,511
Female,76,276
Female,76,664
Female,76,139
Female,76,573
Female,76,295
Female,76,292
Female,76,260
Female,76,681
Female,76,250
Female,77,15971
Female,77,188
Female,77,1633
Female,77,888
Female,77,783
Female,77,792
Female,77,601
Female,77,337
Female,77,217
Female,77,160
Female,77,430
Female,77,543
Female,77,248
Female,77,308
Female,77,567
Female,77,501
Female,77,452
Female,77,729
Female,77,1189
Female,77,596
Female,77,715
Female,77,630
Female,77,422
Female,77,246
Female,77,601
Female,77,123
Female,77,532
Female,77,229
Female,77,277
Female,77,258
Female,77,585
Female,77,191
Female,78,14666
Female,78,156
Female,78,1581
Female,78,867
Female,78,676
Female,78,782
Female,78,534
Female,78,307
Female,78,225
Female,78,121
Female,78,408
Female,78,506
Female,78,231
Female,78,271
Female,78,547
Female,78,498
Female,78,377
Female,78,667
Female,78,994
Female,78,557
Female,78,633
Female,78,523
Female,78,411
Female,78,222
Female,78,558
Female,78,122
Female,78,469
Female,78,231
Female,78,234
Female,78,217
Female,78,562
Female,78,179
Female,79,13938
Female,79,171
Female,79,1554
Female,79,793
Female,79,692
Female,79,670
Female,79,512
Female,79,327
Female,79,212
Female,79,126
Female,79,374
Female,79,473
Female,79,229
Female,79,272
Female,79,467
Female,79,420
Female,79,379
Female,79,665
Female,79,982
Female,79,517
Female,79,650
Female,79,524
Female,79,350
Female,79,208
Female,79,527
Female,79,112
Female,79,456
Female,79,203
Female,79,235
Female,79,191
Female,79,489
Female,79,158
Female,80,12173
Female,80,163
Female,80,1374
Female,80,819
Female,80,533
Female,80,550
Female,80,405
Female,80,265
Female,80,186
Female,80,115
Female,80,300
Female,80,430
Female,80,202
Female,80,195
Female,80,398
Female,80,372
Female,80,299
Female,80,587
Female,80,879
Female,80,446
Female,80,570
Female,80,421
Female,80,335
Female,80,226
Female,80,499
Female,80,77
Female,80,392
Female,80,191
Female,80,203
Female,80,157
Female,80,446
Female,80,138
Female,81,11191
Female,81,148
Female,81,1332
Female,81,712
Female,81,499
Female,81,558
Female,81,372
Female,81,234
Female,81,158
Female,81,87
Female,81,325
Female,81,348
Female,81,163
Female,81,193
Female,81,396
Female,81,330
Female,81,312
Female,81,522
Female,81,773
Female,81,388
Female,81,467
Female,81,420
Female,81,309
Female,81,145
Female,81,424
Female,81,80
Female,81,391
Female,81,184
Female,81,177
Female,81,152
Female,81,441
Female,81,151
Female,82,10759
Female,82,131
Female,82,1368
Female,82,666
Female,82,438
Female,82,491
Female,82,362
Female,82,225
Female,82,148
Female,82,84
Female,82,289
Female,82,324
Female,82,160
Female,82,187
Female,82,358
Female,82,333
Female,82,287
Female,82,570
Female,82,757
Female,82,418
Female,82,466
Female,82,416
Female,82,256
Female,82,179
Female,82,409
Female,82,81
Female,82,352
Female,82,175
Female,82,160
Female,82,146
Female,82,379
Female,82,144
Female,83,9985
Female,83,102
Female,83,1242
Female,83,679
Female,83,395
Female,83,455
Female,83,332
Female,83,214
Female,83,136
Female,83,75
Female,83,246
Female,83,303
Female,83,179
Female,83,200
Female,83,355
Female,83,282
Female,83,254
Female,83,512
Female,83,651
Female,83,345
Female,83,407
Female,83,374
Female,83,268
Female,83,160
Female,83,405
Female,83,90
Female,83,346
Female,83,167
Female,83,165
Female,83,144
Female,83,367
Female,83,135
Female,84,8890
Female,84,111
Female,84,1177
Female,84,582
Female,84,365
Female,84,421
Female,84,246
Female,84,188
Female,84,99
Female,84,74
Female,84,222
Female,84,256
Female,84,146
Female,84,159
Female,84,299
Female,84,240
Female,84,207
Female,84,441
Female,84,598
Female,84,331
Female,84,409
Female,84,339
Female,84,262
Female,84,148
Female,84,306
Female,84,87
Female,84,311
Female,84,130
Female,84,127
Female,84,145
Female,84,351
Female,84,113
Female,85,8303
Female,85,77
Female,85,1109
Female,85,570
Female,85,300
Female,85,394
Female,85,269
Female,85,183
Female,85,114
Female,85,78
Female,85,209
Female,85,238
Female,85,168
Female,85,144
Female,85,287
Female,85,239
Female,85,202
Female,85,401
Female,85,593
Female,85,255
Female,85,338
Female,85,308
Female,85,213
Female,85,130
Female,85,303
Female,85,55
Female,85,304
Female,85,126
Female,85,146
Female,85,137
Female,85,317
Female,85,96
Female,86,7501
Female,86,86
Female,86,988
Female,86,482
Female,86,293
Female,86,304
Female,86,218
Female,86,189
Female,86,95
Female,86,79
Female,86,192
Female,86,216
Female,86,131
Female,86,131
Female,86,260
Female,86,211
Female,86,197
Female,86,378
Female,86,511
Female,86,260
Female,86,321
Female,86,293
Female,86,186
Female,86,110
Female,86,317
Female,86,54
Female,86,247
Female,86,129
Female,86,130
Female,86,128
Female,86,266
Female,86,99
Female,87,6766
Female,87,62
Female,87,908
Female,87,448
Female,87,249
Female,87,271
Female,87,201
Female,87,171
Female,87,93
Female,87,65
Female,87,176
Female,87,237
Female,87,100
Female,87,129
Female,87,226
Female,87,175
Female,87,170
Female,87,309
Female,87,468
Female,87,260
Female,87,260
Female,87,269
Female,87,198
Female,87,91
Female,87,244
Female,87,55
Female,87,238
Female,87,134
Female,87,103
Female,87,107
Female,87,256
Female,87,93
Female,88,5927
Female,88,68
Female,88,886
Female,88,412
Female,88,219
Female,88,241
Female,88,164
Female,88,126
Female,88,85
Female,88,49
Female,88,143
Female,88,171
Female,88,106
Female,88,98
Female,88,170
Female,88,147
Female,88,144
Female,88,291
Female,88,427
Female,88,183
Female,88,209
Female,88,219
Female,88,158
Female,88,75
Female,88,257
Female,88,46
Female,88,239
Female,88,102
Female,88,100
Female,88,105
Female,88,208
Female,88,79
Female,89,4961
Female,89,54
Female,89,712
Female,89,331
Female,89,192
Female,89,188
Female,89,160
Female,89,115
Female,89,64
Female,89,42
Female,89,116
Female,89,143
Female,89,62
Female,89,78
Female,89,159
Female,89,133
Female,89,132
Female,89,232
Female,89,340
Female,89,182
Female,89,202
Female,89,191
Female,89,149
Female,89,54
Female,89,223
Female,89,39
Female,89,157
Female,89,100
Female,89,87
Female,89,79
Female,89,172
Female,89,73
Female,90,4285
Female,90,48
Female,90,614
Female,90,312
Female,90,171
Female,90,168
Female,90,124
Female,90,82
Female,90,44
Female,90,39
Female,90,92
Female,90,136
Female,90,63
Female,90,84
Female,90,139
Female,90,113
Female,90,106
Female,90,222
Female,90,282
Female,90,147
Female,90,155
Female,90,181
Female,90,126
Female,90,54
Female,90,178
Female,90,33
Female,90,157
Female,90,88
Female,90,60
Female,90,57
Female,90,154
Female,90,56
Female,91,3781
Female,91,45
Female,91,534
Female,91,251
Female,91,153
Female,91,119
Female,91,102
Female,91,93
Female,91,49
Female,91,32
Female,91,95
Female,91,88
Female,91,48
Female,91,73
Female,91,115
Female,91,103
Female,91,89
Female,91,177
Female,91,282
Female,91,133
Female,91,152
Female,91,150
Female,91,108
Female,91,68
Female,91,180
Female,91,36
Female,91,149
Female,91,56
Female,91,56
Female,91,62
Female,91,136
Female,91,47
Female,92,2809
Female,92,24
Female,92,455
Female,92,194
Female,92,106
Female,92,96
Female,92,70
Female,92,58
Female,92,48
Female,92,19
Female,92,66
Female,92,84
Female,92,32
Female,92,44
Female,92,80
Female,92,81
Female,92,71
Female,92,117
Female,92,211
Female,92,88
Female,92,103
Female,92,102
Female,92,87
Female,92,45
Female,92,131
Female,92,30
Female,92,85
Female,92,54
Female,92,38
Female,92,52
Female,92,94
Female,92,44
Female,93,2320
Female,93,22
Female,93,322
Female,93,162
Female,93,80
Female,93,84
Female,93,81
Female,93,45
Female,93,21
Female,93,30
Female,93,63
Female,93,54
Female,93,39
Female,93,44
Female,93,76
Female,93,62
Female,93,58
Female,93,111
Female,93,172
Female,93,92
Female,93,96
Female,93,73
Female,93,45
Female,93,43
Female,93,91
Female,93,22
Female,93,93
Female,93,51
Female,93,35
Female,93,35
Female,93,89
Female,93,29
Female,94,1737
Female,94,18
Female,94,264
Female,94,124
Female,94,62
Female,94,72
Female,94,39
Female,94,44
Female,94,21
Female,94,19
Female,94,39
Female,94,52
Female,94,30
Female,94,36
Female,94,42
Female,94,53
Female,94,40
Female,94,62
Female,94,110
Female,94,56
Female,94,74
Female,94,63
Female,94,40
Female,94,17
Female,94,81
Female,94,14
Female,94,80
Female,94,32
Female,94,45
Female,94,20
Female,94,62
Female,94,26
Female,95,1344
Female,95,12
Female,95,194
Female,95,92
Female,95,39
Female,95,40
Female,95,40
Female,95,28
Female,95,8
Female,95,10
Female,95,39
Female,95,44
Female,95,19
Female,95,28
Female,95,36
Female,95,44
Female,95,38
Female,95,42
Female,95,103
Female,95,56
Female,95,50
Female,95,49
Female,95,29
Female,95,20
Female,95,69
Female,95,14
Female,95,49
Female,95,30
Female,95,18
Female,95,21
Female,95,63
Female,95,20
Female,96,956
Female,96,8
Female,96,142
Female,96,61
Female,96,32
Female,96,34
Female,96,29
Female,96,23
Female,96,14
Female,96,10
Female,96,25
Female,96,33
Female,96,11
Female,96,17
Female,96,33
Female,96,26
Female,96,28
Female,96,43
Female,96,66
Female,96,24
Female,96,36
Female,96,34
Female,96,19
Female,96,16
Female,96,47
Female,96,6
Female,96,42
Female,96,19
Female,96,14
Female,96,16
Female,96,34
Female,96,14
Female,97,732
Female,97,9
Female,97,87
Female,97,43
Female,97,40
Female,97,29
Female,97,21
Female,97,19
Female,97,8
Female,97,6
Female,97,20
Female,97,18
Female,97,13
Female,97,18
Female,97,31
Female,97,21
Female,97,20
Female,97,28
Female,97,49
Female,97,32
Female,97,24
Female,97,27
Female,97,15
Female,97,10
Female,97,36
Female,97,14
Female,97,24
Female,97,12
Female,97,18
Female,97,10
Female,97,21
Female,97,9
Female,98,492
Female,98,5
Female,98,57
Female,98,35
Female,98,18
Female,98,13
Female,98,12
Female,98,14
Female,98,1
Female,98,6
Female,98,17
Female,98,16
Female,98,7
Female,98,8
Female,98,18
Female,98,12
Female,98,12
Female,98,20
Female,98,40
Female,98,15
Female,98,27
Female,98,16
Female,98,13
Female,98,14
Female,98,29
Female,98,5
Female,98,18
Female,98,6
Female,98,11
Female,98,7
Female,98,11
Female,98,9
Female,99,336
Female,99,6
Female,99,49
Female,99,26
Female,99,20
Female,99,10
Female,99,12
Female,99,5
Female,99,3
Female,99,0
Female,99,6
Female,99,12
Female,99,4
Female,99,3
Female,99,15
Female,99,7
Female,99,11
Female,99,20
Female,99,17
Female,99,9
Female,99,11
Female,99,5
Female,99,15
Female,99,1
Female,99,16
Female,99,3
Female,99,12
Female,99,6
Female,99,8
Female,99,6
Female,99,13
Female,99,5
Female,100,584
Female,100,3
Female,100,80
Female,100,42
Female,100,17
Female,100,29
Female,100,19
Female,100,12
Female,100,10
Female,100,5
Female,100,23
Female,100,17
Female,100,4
Female,100,9
Female,100,14
Female,100,15
Female,100,16
Female,100,20
Female,100,43
Female,100,12
Female,100,34
Female,100,19
Female,100,15
Female,100,5
Female,100,26
Female,100,4
Female,100,25
Female,100,7
Female,100,9
Female,100,12
Female,100,31
Female,100,7
